Lat,Strata,Species,1,2,BirdPredation,BirdPredationLwr,BirdPredationUpr
-40,U,Acacia_parramattensis,-0.060405004,0.085973289,0.062833786,0.021320116,0.168096221
-39.80961924,U,Acacia_parramattensis,-0.06017294,0.084932558,0.062680083,0.021411869,0.168700904
-39.61923848,U,Acacia_parramattensis,-0.059940876,0.083895803,0.062526714,0.021595856,0.167493512
-39.42885772,U,Acacia_parramattensis,-0.059708812,0.082863023,0.062373678,0.021762823,0.165592912
-39.23847695,U,Acacia_parramattensis,-0.059476748,0.081834219,0.062220974,0.021120886,0.16571031
-39.04809619,U,Acacia_parramattensis,-0.059244684,0.080809389,0.062068603,0.021545915,0.166112852
-38.85771543,U,Acacia_parramattensis,-0.05901262,0.079788536,0.061916562,0.021266719,0.165746394
-38.66733467,U,Acacia_parramattensis,-0.058780556,0.078771657,0.061764852,0.020960256,0.164571791
-38.47695391,U,Acacia_parramattensis,-0.058548492,0.077758754,0.061613473,0.021178477,0.162528078
-38.28657315,U,Acacia_parramattensis,-0.058316429,0.076749826,0.061462423,0.021232519,0.158918868
-38.09619238,U,Acacia_parramattensis,-0.058084365,0.075744874,0.061311702,0.021541593,0.161660467
-37.90581162,U,Acacia_parramattensis,-0.057852301,0.074743897,0.06116131,0.021891846,0.15954094
-37.71543086,U,Acacia_parramattensis,-0.057620237,0.073746896,0.061011246,0.020917093,0.159562967
-37.5250501,U,Acacia_parramattensis,-0.057388173,0.072753869,0.060861509,0.021592902,0.157669842
-37.33466934,U,Acacia_parramattensis,-0.057156109,0.071764818,0.060712099,0.021292163,0.160641491
-37.14428858,U,Acacia_parramattensis,-0.056924045,0.070779743,0.060563016,0.021667189,0.157479545
-36.95390782,U,Acacia_parramattensis,-0.056691981,0.069798643,0.060414258,0.021381585,0.155285647
-36.76352705,U,Acacia_parramattensis,-0.056459917,0.068821518,0.060265826,0.022063923,0.156027479
-36.57314629,U,Acacia_parramattensis,-0.056227853,0.067848369,0.060117718,0.021407907,0.15642802
-36.38276553,U,Acacia_parramattensis,-0.055995789,0.066879194,0.059969934,0.021649746,0.155586989
-36.19238477,U,Acacia_parramattensis,-0.055763726,0.065913996,0.059822474,0.021300822,0.154896194
-36.00200401,U,Acacia_parramattensis,-0.055531662,0.064952772,0.059675336,0.02156439,0.156114839
-35.81162325,U,Acacia_parramattensis,-0.055299598,0.063995524,0.059528522,0.02114265,0.153855906
-35.62124248,U,Acacia_parramattensis,-0.055067534,0.063042252,0.059382029,0.021585111,0.154460247
-35.43086172,U,Acacia_parramattensis,-0.05483547,0.062092954,0.059235857,0.021059913,0.150912558
-35.24048096,U,Acacia_parramattensis,-0.054603406,0.061147632,0.059090006,0.021451266,0.149620057
-35.0501002,U,Acacia_parramattensis,-0.054371342,0.060206286,0.058944475,0.021227114,0.149450655
-34.85971944,U,Acacia_parramattensis,-0.054139278,0.059268915,0.058799264,0.021390084,0.15097522
-34.66933868,U,Acacia_parramattensis,-0.053907214,0.058335519,0.058654373,0.021444532,0.152417007
-34.47895792,U,Acacia_parramattensis,-0.05367515,0.057406098,0.058509799,0.02117274,0.150493964
-34.28857715,U,Acacia_parramattensis,-0.053443087,0.056480653,0.058365544,0.020906297,0.146701362
-34.09819639,U,Acacia_parramattensis,-0.053211023,0.055559183,0.058221606,0.021463759,0.150108559
-33.90781563,U,Acacia_parramattensis,-0.052978959,0.054641689,0.058077985,0.021316783,0.148568701
-33.71743487,U,Acacia_parramattensis,-0.052746895,0.05372817,0.057934681,0.02100694,0.146032191
-33.52705411,U,Acacia_parramattensis,-0.052514831,0.052818626,0.057791692,0.021124365,0.145667021
-33.33667335,U,Acacia_parramattensis,-0.052282767,0.051913058,0.057649019,0.021604677,0.147007857
-33.14629259,U,Acacia_parramattensis,-0.052050703,0.051011465,0.05750666,0.021124849,0.145226524
-32.95591182,U,Acacia_parramattensis,-0.051818639,0.050113847,0.057364615,0.021248686,0.144922555
-32.76553106,U,Acacia_parramattensis,-0.051586575,0.049220205,0.057222884,0.020957968,0.142899344
-32.5751503,U,Acacia_parramattensis,-0.051354511,0.048330538,0.057081466,0.020777514,0.143962936
-32.38476954,U,Acacia_parramattensis,-0.051122448,0.047444847,0.056940361,0.020840752,0.143289055
-32.19438878,U,Acacia_parramattensis,-0.050890384,0.046563131,0.056799567,0.021085879,0.142177086
-32.00400802,U,Acacia_parramattensis,-0.05065832,0.04568539,0.056659085,0.021228658,0.14341528
-31.81362725,U,Acacia_parramattensis,-0.050426256,0.044811624,0.056518914,0.021117908,0.140691915
-31.62324649,U,Acacia_parramattensis,-0.050194192,0.043941834,0.056379053,0.020840767,0.140749248
-31.43286573,U,Acacia_parramattensis,-0.049962128,0.04307602,0.056239502,0.02083031,0.142416708
-31.24248497,U,Acacia_parramattensis,-0.049730064,0.04221418,0.056100261,0.020701205,0.141219606
-31.05210421,U,Acacia_parramattensis,-0.049498,0.041356316,0.055961327,0.020906376,0.138951992
-30.86172345,U,Acacia_parramattensis,-0.049265936,0.040502428,0.055822702,0.020806417,0.140025991
-30.67134269,U,Acacia_parramattensis,-0.049033872,0.039652514,0.055684385,0.020345659,0.139768922
-30.48096192,U,Acacia_parramattensis,-0.048801809,0.038806576,0.055546375,0.02053626,0.140900909
-30.29058116,U,Acacia_parramattensis,-0.048569745,0.037964614,0.055408671,0.020594035,0.137452135
-30.1002004,U,Acacia_parramattensis,-0.048337681,0.037126627,0.055271273,0.020548824,0.137157826
-29.90981964,U,Acacia_parramattensis,-0.048105617,0.036292615,0.055134181,0.020676378,0.136442037
-29.71943888,U,Acacia_parramattensis,-0.047873553,0.035462578,0.054997393,0.020836995,0.137440585
-29.52905812,U,Acacia_parramattensis,-0.047641489,0.034636517,0.05486091,0.02117966,0.133534762
-29.33867735,U,Acacia_parramattensis,-0.047409425,0.033814431,0.054724731,0.020380984,0.132954646
-29.14829659,U,Acacia_parramattensis,-0.047177361,0.032996321,0.054588855,0.020563367,0.135365808
-28.95791583,U,Acacia_parramattensis,-0.046945297,0.032182186,0.054453281,0.020551402,0.136273693
-28.76753507,U,Acacia_parramattensis,-0.046713233,0.031372026,0.05431801,0.020698709,0.134228388
-28.57715431,U,Acacia_parramattensis,-0.04648117,0.030565842,0.05418304,0.020524523,0.133250544
-28.38677355,U,Acacia_parramattensis,-0.046249106,0.029763633,0.054048372,0.020665053,0.135864405
-28.19639279,U,Acacia_parramattensis,-0.046017042,0.028965399,0.053914004,0.020724143,0.134931239
-28.00601202,U,Acacia_parramattensis,-0.045784978,0.028171141,0.053779936,0.020661175,0.131565181
-27.81563126,U,Acacia_parramattensis,-0.045552914,0.027380858,0.053646167,0.020221603,0.132386089
-27.6252505,U,Acacia_parramattensis,-0.04532085,0.026594551,0.053512698,0.020236838,0.132318889
-27.43486974,U,Acacia_parramattensis,-0.045088786,0.025812219,0.053379527,0.020072067,0.13047409
-27.24448898,U,Acacia_parramattensis,-0.044856722,0.025033862,0.053246654,0.020221756,0.131123439
-27.05410822,U,Acacia_parramattensis,-0.044624658,0.02425948,0.053114078,0.020631919,0.130482786
-26.86372745,U,Acacia_parramattensis,-0.044392594,0.023489074,0.052981799,0.020261701,0.130855914
-26.67334669,U,Acacia_parramattensis,-0.044160531,0.022722644,0.052849816,0.020318856,0.127398344
-26.48296593,U,Acacia_parramattensis,-0.043928467,0.021960188,0.052718129,0.020097159,0.130611056
-26.29258517,U,Acacia_parramattensis,-0.043696403,0.021201708,0.052586737,0.020041708,0.128986642
-26.10220441,U,Acacia_parramattensis,-0.043464339,0.020447204,0.052455639,0.019852747,0.128378049
-25.91182365,U,Acacia_parramattensis,-0.043232275,0.019696674,0.052324836,0.019857567,0.127851809
-25.72144289,U,Acacia_parramattensis,-0.043000211,0.01895012,0.052194327,0.020332375,0.130782838
-25.53106212,U,Acacia_parramattensis,-0.042768147,0.018207542,0.05206411,0.019870792,0.12694633
-25.34068136,U,Acacia_parramattensis,-0.042536083,0.017468939,0.051934186,0.019941688,0.127411889
-25.1503006,U,Acacia_parramattensis,-0.042304019,0.016734311,0.051804554,0.020217024,0.127312428
-24.95991984,U,Acacia_parramattensis,-0.042071955,0.016003658,0.051675213,0.020229779,0.126702113
-24.76953908,U,Acacia_parramattensis,-0.041839891,0.015276981,0.051546164,0.019503156,0.126014186
-24.57915832,U,Acacia_parramattensis,-0.041607828,0.014554279,0.051417404,0.019849796,0.126430649
-24.38877756,U,Acacia_parramattensis,-0.041375764,0.013835553,0.051288935,0.019804242,0.125207245
-24.19839679,U,Acacia_parramattensis,-0.0411437,0.013120802,0.051160755,0.019578812,0.126391797
-24.00801603,U,Acacia_parramattensis,-0.040911636,0.012410026,0.051032864,0.019686901,0.125222704
-23.81763527,U,Acacia_parramattensis,-0.040679572,0.011703226,0.050905261,0.019676098,0.124467312
-23.62725451,U,Acacia_parramattensis,-0.040447508,0.011000401,0.050777945,0.019329318,0.124414126
-23.43687375,U,Acacia_parramattensis,-0.040215444,0.010301551,0.050650917,0.019476144,0.124441044
-23.24649299,U,Acacia_parramattensis,-0.03998338,0.009606677,0.050524176,0.019466761,0.122165222
-23.05611222,U,Acacia_parramattensis,-0.039751316,0.008915778,0.050397721,0.019219378,0.122723005
-22.86573146,U,Acacia_parramattensis,-0.039519252,0.008228855,0.050271551,0.019392193,0.122590253
-22.6753507,U,Acacia_parramattensis,-0.039287189,0.007545907,0.050145667,0.019151331,0.121780068
-22.48496994,U,Acacia_parramattensis,-0.039055125,0.006866934,0.050020067,0.019326944,0.121934399
-22.29458918,U,Acacia_parramattensis,-0.038823061,0.006191936,0.049894751,0.018927534,0.122696128
-22.10420842,U,Acacia_parramattensis,-0.038590997,0.005520914,0.049769718,0.019188504,0.123130543
-21.91382766,U,Acacia_parramattensis,-0.038358933,0.004853868,0.049644969,0.019264763,0.120264929
-21.72344689,U,Acacia_parramattensis,-0.038126869,0.004190796,0.049520502,0.019439275,0.122082536
-21.53306613,U,Acacia_parramattensis,-0.037894805,0.0035317,0.049396317,0.019122296,0.121777926
-21.34268537,U,Acacia_parramattensis,-0.037662741,0.00287658,0.049272414,0.018921156,0.11938648
-21.15230461,U,Acacia_parramattensis,-0.037430677,0.002225434,0.049148792,0.018718246,0.120134454
-20.96192385,U,Acacia_parramattensis,-0.037198613,0.001578265,0.049025449,0.019047694,0.121542076
-20.77154309,U,Acacia_parramattensis,-0.03696655,9.35E-04,0.048902387,0.019010011,0.118390562
-20.58116232,U,Acacia_parramattensis,-0.036734486,2.96E-04,0.048779604,0.018898243,0.119162018
-20.39078156,U,Acacia_parramattensis,-0.036502422,-3.39E-04,0.0486571,0.018663013,0.120378582
-20.2004008,U,Acacia_parramattensis,-0.036270358,-9.71E-04,0.048534874,0.018553019,0.11927066
-20.01002004,U,Acacia_parramattensis,-0.036038294,-0.001597955,0.048412926,0.018796578,0.12007833
-19.81963928,U,Acacia_parramattensis,-0.03580623,-0.002221272,0.048291256,0.018987955,0.118093761
-19.62925852,U,Acacia_parramattensis,-0.035574166,-0.002840615,0.048169862,0.018862852,0.116685379
-19.43887776,U,Acacia_parramattensis,-0.035342102,-0.003455982,0.048048744,0.018641652,0.117227257
-19.24849699,U,Acacia_parramattensis,-0.035110038,-0.004067374,0.047927902,0.018927543,0.116782737
-19.05811623,U,Acacia_parramattensis,-0.034877974,-0.00467479,0.047807335,0.018730272,0.114954408
-18.86773547,U,Acacia_parramattensis,-0.034645911,-0.005278231,0.047687043,0.018336331,0.117484892
-18.67735471,U,Acacia_parramattensis,-0.034413847,-0.005877696,0.047567025,0.018876507,0.116646173
-18.48697395,U,Acacia_parramattensis,-0.034181783,-0.006473187,0.047447281,0.01843763,0.115386597
-18.29659319,U,Acacia_parramattensis,-0.033949719,-0.007064701,0.04732781,0.018387467,0.115983269
-18.10621242,U,Acacia_parramattensis,-0.033717655,-0.007652241,0.047208611,0.018249418,0.115733918
-17.91583166,U,Acacia_parramattensis,-0.033485591,-0.008235805,0.047089685,0.018191221,0.116740647
-17.7254509,U,Acacia_parramattensis,-0.033253527,-0.008815394,0.04697103,0.018157425,0.113621026
-17.53507014,U,Acacia_parramattensis,-0.033021463,-0.009391007,0.046852646,0.018680574,0.115631362
-17.34468938,U,Acacia_parramattensis,-0.032789399,-0.009962645,0.046734533,0.018451595,0.112735551
-17.15430862,U,Acacia_parramattensis,-0.032557335,-0.010530308,0.04661669,0.018088593,0.113516439
-16.96392786,U,Acacia_parramattensis,-0.032325272,-0.011093995,0.046499116,0.017763423,0.114287821
-16.77354709,U,Acacia_parramattensis,-0.032093208,-0.011653707,0.046381812,0.018362186,0.113617559
-16.58316633,U,Acacia_parramattensis,-0.031861144,-0.012209444,0.046264776,0.018062549,0.11321116
-16.39278557,U,Acacia_parramattensis,-0.03162908,-0.012761205,0.046148008,0.018148282,0.112645737
-16.20240481,U,Acacia_parramattensis,-0.031397016,-0.013308991,0.046031507,0.018487637,0.111769014
-16.01202405,U,Acacia_parramattensis,-0.031164952,-0.013852802,0.045915274,0.017824332,0.112762607
-15.82164329,U,Acacia_parramattensis,-0.030932888,-0.014392637,0.045799307,0.018206122,0.112281226
-15.63126253,U,Acacia_parramattensis,-0.030700824,-0.014928497,0.045683606,0.017585158,0.114468663
-15.44088176,U,Acacia_parramattensis,-0.03046876,-0.015460381,0.04556817,0.017843485,0.112952459
-15.250501,U,Acacia_parramattensis,-0.030236696,-0.01598829,0.045453,0.017742591,0.112066128
-15.06012024,U,Acacia_parramattensis,-0.030004633,-0.016512224,0.045338094,0.017324932,0.109113397
-14.86973948,U,Acacia_parramattensis,-0.029772569,-0.017032183,0.045223452,0.017769906,0.110822948
-14.67935872,U,Acacia_parramattensis,-0.029540505,-0.017548166,0.045109073,0.017251982,0.112684637
-14.48897796,U,Acacia_parramattensis,-0.029308441,-0.018060173,0.044994957,0.017225511,0.110316349
-14.29859719,U,Acacia_parramattensis,-0.029076377,-0.018568206,0.044881104,0.017476763,0.111164259
-14.10821643,U,Acacia_parramattensis,-0.028844313,-0.019072263,0.044767513,0.017474914,0.109774193
-13.91783567,U,Acacia_parramattensis,-0.028612249,-0.019572344,0.044654183,0.017381463,0.110576563
-13.72745491,U,Acacia_parramattensis,-0.028380185,-0.02006845,0.044541114,0.017416732,0.108586224
-13.53707415,U,Acacia_parramattensis,-0.028148121,-0.020560581,0.044428306,0.01724526,0.108040691
-13.34669339,U,Acacia_parramattensis,-0.027916057,-0.021048737,0.044315757,0.016776867,0.10814229
-13.15631263,U,Acacia_parramattensis,-0.027683993,-0.021532917,0.044203468,0.017454727,0.107680965
-12.96593186,U,Acacia_parramattensis,-0.02745193,-0.022013122,0.044091438,0.016790463,0.106856923
-12.7755511,U,Acacia_parramattensis,-0.027219866,-0.022489351,0.043979666,0.017050417,0.10630103
-12.58517034,U,Acacia_parramattensis,-0.026987802,-0.022961605,0.043868152,0.016750504,0.107589799
-12.39478958,U,Acacia_parramattensis,-0.026755738,-0.023429884,0.043756896,0.017029747,0.108142205
-12.20440882,U,Acacia_parramattensis,-0.026523674,-0.023894187,0.043645897,0.017067802,0.10801277
-12.01402806,U,Acacia_parramattensis,-0.02629161,-0.024354515,0.043535154,0.017224024,0.105869362
-11.82364729,U,Acacia_parramattensis,-0.026059546,-0.024810868,0.043424667,0.016886528,0.105910348
-11.63326653,U,Acacia_parramattensis,-0.025827482,-0.025263245,0.043314435,0.016769237,0.106349755
-11.44288577,U,Acacia_parramattensis,-0.025595418,-0.025711647,0.043204459,0.016854666,0.1088425
-11.25250501,U,Acacia_parramattensis,-0.025363354,-0.026156074,0.043094737,0.016212687,0.105694578
-11.06212425,U,Acacia_parramattensis,-0.025131291,-0.026596525,0.042985269,0.016643709,0.105988785
-10.87174349,U,Acacia_parramattensis,-0.024899227,-0.027033001,0.042876054,0.016738488,0.1068331
-10.68136273,U,Acacia_parramattensis,-0.024667163,-0.027465501,0.042767092,0.016494489,0.107904142
-10.49098196,U,Acacia_parramattensis,-0.024435099,-0.027894026,0.042658383,0.016667464,0.106653812
-10.3006012,U,Acacia_parramattensis,-0.024203035,-0.028318576,0.042549926,0.016533614,0.105741164
-10.11022044,U,Acacia_parramattensis,-0.023970971,-0.02873915,0.04244172,0.016246886,0.107288051
-9.919839679,U,Acacia_parramattensis,-0.023738907,-0.029155749,0.042333766,0.016273545,0.105333138
-9.729458918,U,Acacia_parramattensis,-0.023506843,-0.029568373,0.042226062,0.016410274,0.106038416
-9.539078156,U,Acacia_parramattensis,-0.023274779,-0.029977021,0.042118608,0.016198204,0.104591768
-9.348697395,U,Acacia_parramattensis,-0.023042715,-0.030381694,0.042011403,0.016062142,0.103644176
-9.158316633,U,Acacia_parramattensis,-0.022810652,-0.030782392,0.041904448,0.016243157,0.103398918
-8.967935872,U,Acacia_parramattensis,-0.022578588,-0.031179114,0.041797741,0.016286972,0.104651037
-8.77755511,U,Acacia_parramattensis,-0.022346524,-0.031571861,0.041691282,0.016159876,0.10188372
-8.587174349,U,Acacia_parramattensis,-0.02211446,-0.031960632,0.041585071,0.016006915,0.103857456
-8.396793587,U,Acacia_parramattensis,-0.021882396,-0.032345429,0.041479107,0.015865276,0.10341443
-8.206412826,U,Acacia_parramattensis,-0.021650332,-0.032726249,0.04137339,0.016136234,0.104330719
-8.016032064,U,Acacia_parramattensis,-0.021418268,-0.033103095,0.041267918,0.015899224,0.102669902
-7.825651303,U,Acacia_parramattensis,-0.021186204,-0.033475965,0.041162693,0.015903969,0.105138365
-7.635270541,U,Acacia_parramattensis,-0.02095414,-0.03384486,0.041057712,0.015727454,0.101156976
-7.44488978,U,Acacia_parramattensis,-0.020722076,-0.034209779,0.040952977,0.015553411,0.10344625
-7.254509018,U,Acacia_parramattensis,-0.020490013,-0.034570723,0.040848485,0.015561828,0.101841331
-7.064128257,U,Acacia_parramattensis,-0.020257949,-0.034927691,0.040744237,0.015716233,0.101485432
-6.873747495,U,Acacia_parramattensis,-0.020025885,-0.035280685,0.040640233,0.015365298,0.100281572
-6.683366733,U,Acacia_parramattensis,-0.019793821,-0.035629703,0.040536471,0.015492635,0.099818092
-6.492985972,U,Acacia_parramattensis,-0.019561757,-0.035974745,0.040432952,0.015559179,0.099288304
-6.30260521,U,Acacia_parramattensis,-0.019329693,-0.036315812,0.040329674,0.015610875,0.101471754
-6.112224449,U,Acacia_parramattensis,-0.019097629,-0.036652904,0.040226638,0.015333971,0.101552801
-5.921843687,U,Acacia_parramattensis,-0.018865565,-0.036986021,0.040123842,0.015262635,0.101462816
-5.731462926,U,Acacia_parramattensis,-0.018633501,-0.037315162,0.040021287,0.015290743,0.098938904
-5.541082164,U,Acacia_parramattensis,-0.018401437,-0.037640327,0.039918972,0.015468429,0.099552613
-5.350701403,U,Acacia_parramattensis,-0.018169374,-0.037961518,0.039816896,0.015523381,0.100489341
-5.160320641,U,Acacia_parramattensis,-0.01793731,-0.038278733,0.03971506,0.015023058,0.09822009
-4.96993988,U,Acacia_parramattensis,-0.017705246,-0.038591973,0.039613461,0.015511523,0.099463797
-4.779559118,U,Acacia_parramattensis,-0.017473182,-0.038901237,0.039512101,0.01506257,0.09960196
-4.589178357,U,Acacia_parramattensis,-0.017241118,-0.039206526,0.039410978,0.014898116,0.098561301
-4.398797595,U,Acacia_parramattensis,-0.017009054,-0.039507839,0.039310092,0.015122764,0.100627378
-4.208416834,U,Acacia_parramattensis,-0.01677699,-0.039805178,0.039209443,0.015036208,0.099420171
-4.018036072,U,Acacia_parramattensis,-0.016544926,-0.04009854,0.03910903,0.015279958,0.099115461
-3.827655311,U,Acacia_parramattensis,-0.016312862,-0.040387928,0.039008853,0.014695365,0.097330057
-3.637274549,U,Acacia_parramattensis,-0.016080798,-0.04067334,0.03890891,0.014633464,0.096682381
-3.446893788,U,Acacia_parramattensis,-0.015848734,-0.040954777,0.038809203,0.014811295,0.097762194
-3.256513026,U,Acacia_parramattensis,-0.015616671,-0.041232238,0.038709729,0.01461555,0.097027259
-3.066132265,U,Acacia_parramattensis,-0.015384607,-0.041505724,0.03861049,0.01463654,0.096361566
-2.875751503,U,Acacia_parramattensis,-0.015152543,-0.041775235,0.038511483,0.014778278,0.097388141
-2.685370741,U,Acacia_parramattensis,-0.014920479,-0.04204077,0.03841271,0.0149834,0.097334798
-2.49498998,U,Acacia_parramattensis,-0.014688415,-0.04230233,0.038314169,0.014656877,0.096881522
-2.304609218,U,Acacia_parramattensis,-0.014456351,-0.042559915,0.038215859,0.014434686,0.095111326
-2.114228457,U,Acacia_parramattensis,-0.014224287,-0.042813524,0.038117782,0.014547006,0.097951928
-1.923847695,U,Acacia_parramattensis,-0.013992223,-0.043063158,0.038019935,0.014356896,0.095599755
-1.733466934,U,Acacia_parramattensis,-0.013760159,-0.043308817,0.037922318,0.014404939,0.09456605
-1.543086172,U,Acacia_parramattensis,-0.013528095,-0.0435505,0.037824932,0.014415365,0.094263088
-1.352705411,U,Acacia_parramattensis,-0.013296032,-0.043788208,0.037727775,0.014290133,0.095657071
-1.162324649,U,Acacia_parramattensis,-0.013063968,-0.04402194,0.037630847,0.014293399,0.095837195
-0.971943888,U,Acacia_parramattensis,-0.012831904,-0.044251697,0.037534148,0.014559379,0.093231483
-0.781563126,U,Acacia_parramattensis,-0.01259984,-0.044477479,0.037437677,0.01429754,0.095381415
-0.591182365,U,Acacia_parramattensis,-0.012367776,-0.044699285,0.037341434,0.014099932,0.0938697
-0.400801603,U,Acacia_parramattensis,-0.012135712,-0.044917116,0.037245418,0.014048727,0.094333234
-0.210420842,U,Acacia_parramattensis,-0.011903648,-0.045130972,0.037149628,0.014380072,0.094542252
-0.02004008,U,Acacia_parramattensis,-0.011671584,-0.045340852,0.037054066,0.014074194,0.093527326
-33.71743487,C,Acacia_parramattensis,-0.052746895,0.05372817,0.24303007,0.096938381,0.484968602
0.360721443,U,Acacia_parramattensis,-0.011207456,-0.045748687,0.036863617,0.01406711,0.092683604
0.551102204,U,Acacia_parramattensis,-0.010975393,-0.045946641,0.03676873,0.01352249,0.091032283
0.741482966,U,Acacia_parramattensis,-0.010743329,-0.04614062,0.036674068,0.013876226,0.091919215
0.931863727,U,Acacia_parramattensis,-0.010511265,-0.046330623,0.03657963,0.013896255,0.0924855
1.122244489,U,Acacia_parramattensis,-0.010279201,-0.046516652,0.036485415,0.014168026,0.093963936
1.312625251,U,Acacia_parramattensis,-0.010047137,-0.046698704,0.036391424,0.013646416,0.091446857
1.503006012,U,Acacia_parramattensis,-0.009815073,-0.046876782,0.036297655,0.013919113,0.092489264
1.693386774,U,Acacia_parramattensis,-0.009583009,-0.047050884,0.036204109,0.013651689,0.091093889
1.883767535,U,Acacia_parramattensis,-0.009350945,-0.047221011,0.036110784,0.013566562,0.091817818
2.074148297,U,Acacia_parramattensis,-0.009118881,-0.047387162,0.036017681,0.013879847,0.091482208
2.264529058,U,Acacia_parramattensis,-0.008886817,-0.047549338,0.035924798,0.013617064,0.091434196
2.45490982,U,Acacia_parramattensis,-0.008654754,-0.047707538,0.035832136,0.013705682,0.089766647
2.645290581,U,Acacia_parramattensis,-0.00842269,-0.047861764,0.035739694,0.013527621,0.09166793
2.835671343,U,Acacia_parramattensis,-0.008190626,-0.048012014,0.035647471,0.013514425,0.090532143
3.026052104,U,Acacia_parramattensis,-0.007958562,-0.048158288,0.035555467,0.013921461,0.091301609
3.216432866,U,Acacia_parramattensis,-0.007726498,-0.048300587,0.035463682,0.013342322,0.089465235
3.406813627,U,Acacia_parramattensis,-0.007494434,-0.048438911,0.035372116,0.013240019,0.089585965
3.597194389,U,Acacia_parramattensis,-0.00726237,-0.04857326,0.035280766,0.013586715,0.090047475
3.78757515,U,Acacia_parramattensis,-0.007030306,-0.048703633,0.035189635,0.013259403,0.090990106
3.977955912,U,Acacia_parramattensis,-0.006798242,-0.04883003,0.03509872,0.012980119,0.0889343
4.168336673,U,Acacia_parramattensis,-0.006566178,-0.048952453,0.035008021,0.013227157,0.090384651
4.358717435,U,Acacia_parramattensis,-0.006334115,-0.0490709,0.034917538,0.013318321,0.088466942
4.549098196,U,Acacia_parramattensis,-0.006102051,-0.049185371,0.034827271,0.01311989,0.089003268
4.739478958,U,Acacia_parramattensis,-0.005869987,-0.049295868,0.034737219,0.013065373,0.087792476
4.929859719,U,Acacia_parramattensis,-0.005637923,-0.049402389,0.034647381,0.01303182,0.088356613
5.120240481,U,Acacia_parramattensis,-0.005405859,-0.049504934,0.034557758,0.012838327,0.088386328
5.310621242,U,Acacia_parramattensis,-0.005173795,-0.049603504,0.034468348,0.012988228,0.086650827
5.501002004,U,Acacia_parramattensis,-0.004941731,-0.049698099,0.034379152,0.01290834,0.087027485
5.691382766,U,Acacia_parramattensis,-0.004709667,-0.049788719,0.034290168,0.012974065,0.08731797
5.881763527,U,Acacia_parramattensis,-0.004477603,-0.049875363,0.034201397,0.012835886,0.087563367
6.072144289,U,Acacia_parramattensis,-0.004245539,-0.049958032,0.034112838,0.012834738,0.087946581
6.26252505,U,Acacia_parramattensis,-0.004013476,-0.050036725,0.03402449,0.013071393,0.088779999
6.452905812,U,Acacia_parramattensis,-0.003781412,-0.050111443,0.033936353,0.01256466,0.085249681
6.643286573,U,Acacia_parramattensis,-0.003549348,-0.050182186,0.033848427,0.012657183,0.085154031
6.833667335,U,Acacia_parramattensis,-0.003317284,-0.050248953,0.033760712,0.01276418,0.085407773
7.024048096,U,Acacia_parramattensis,-0.00308522,-0.050311745,0.033673206,0.012880546,0.087499251
7.214428858,U,Acacia_parramattensis,-0.002853156,-0.050370562,0.033585909,0.012861959,0.085720548
7.404809619,U,Acacia_parramattensis,-0.002621092,-0.050425403,0.033498821,0.012731967,0.087027735
7.595190381,U,Acacia_parramattensis,-0.002389028,-0.050476269,0.033411942,0.012668635,0.084134683
7.785571142,U,Acacia_parramattensis,-0.002156964,-0.050523159,0.03332527,0.012746028,0.084336095
7.975951904,U,Acacia_parramattensis,-0.0019249,-0.050566075,0.033238807,0.012617198,0.085351087
8.166332665,U,Acacia_parramattensis,-0.001692836,-0.050605014,0.03315255,0.012485936,0.083935729
8.356713427,U,Acacia_parramattensis,-0.001460773,-0.050639979,0.033066501,0.012540252,0.085385655
8.547094188,U,Acacia_parramattensis,-0.001228709,-0.050670968,0.032980657,0.012427658,0.083408628
8.73747495,U,Acacia_parramattensis,-9.97E-04,-0.050697982,0.032895019,0.012540436,0.085940796
8.927855711,U,Acacia_parramattensis,-7.65E-04,-0.05072102,0.032809587,0.012467966,0.083369273
9.118236473,U,Acacia_parramattensis,-5.33E-04,-0.050740083,0.03272436,0.012384701,0.083831639
9.308617234,U,Acacia_parramattensis,-3.00E-04,-0.050755171,0.032639338,0.012295594,0.083391401
9.498997996,U,Acacia_parramattensis,-6.84E-05,-0.050766283,0.032554519,0.012491631,0.082880426
9.689378758,U,Acacia_parramattensis,1.64E-04,-0.05077342,0.032469905,0.012329107,0.083856958
9.879759519,U,Acacia_parramattensis,3.96E-04,-0.050776582,0.032385493,0.012327293,0.081347232
10.07014028,U,Acacia_parramattensis,6.28E-04,-0.050775768,0.032301285,0.012505986,0.08301631
10.26052104,U,Acacia_parramattensis,8.60E-04,-0.050770979,0.032217279,0.012069573,0.081548573
10.4509018,U,Acacia_parramattensis,0.00109193,-0.050762214,0.032133475,0.012048821,0.083481246
10.64128257,U,Acacia_parramattensis,0.001323994,-0.050749474,0.032049872,0.012149795,0.082782637
10.83166333,U,Acacia_parramattensis,0.001556058,-0.050732759,0.031966471,0.012044291,0.082311583
11.02204409,U,Acacia_parramattensis,0.001788122,-0.050712068,0.031883271,0.011951766,0.0823795
11.21242485,U,Acacia_parramattensis,0.002020186,-0.050687402,0.031800271,0.011997734,0.08127269
11.40280561,U,Acacia_parramattensis,0.00225225,-0.050658761,0.03171747,0.012039797,0.080542276
11.59318637,U,Acacia_parramattensis,0.002484314,-0.050626144,0.03163487,0.0120603,0.080919843
11.78356713,U,Acacia_parramattensis,0.002716378,-0.050589552,0.031552468,0.012090323,0.080630887
11.9739479,U,Acacia_parramattensis,0.002948442,-0.050548985,0.031470265,0.01200325,0.080934977
12.16432866,U,Acacia_parramattensis,0.003180505,-0.050504442,0.03138826,0.011994377,0.082351778
12.35470942,U,Acacia_parramattensis,0.003412569,-0.050455924,0.031306453,0.012055728,0.081446006
12.54509018,U,Acacia_parramattensis,0.003644633,-0.050403431,0.031224844,0.01176451,0.081661578
12.73547094,U,Acacia_parramattensis,0.003876697,-0.050346962,0.031143431,0.0117828,0.079918861
12.9258517,U,Acacia_parramattensis,0.004108761,-0.050286518,0.031062215,0.011644575,0.080408327
13.11623246,U,Acacia_parramattensis,0.004340825,-0.050222098,0.030981195,0.011546363,0.079354931
13.30661323,U,Acacia_parramattensis,0.004572889,-0.050153703,0.030900371,0.011754472,0.078495947
13.49699399,U,Acacia_parramattensis,0.004804953,-0.050081333,0.030819743,0.011672019,0.079879003
13.68737475,U,Acacia_parramattensis,0.005037017,-0.050004987,0.030739309,0.011640087,0.078229715
13.87775551,U,Acacia_parramattensis,0.005269081,-0.049924666,0.030659069,0.011429754,0.080181301
14.06813627,U,Acacia_parramattensis,0.005501144,-0.04984037,0.030579024,0.011566192,0.080993915
14.25851703,U,Acacia_parramattensis,0.005733208,-0.049752098,0.030499172,0.011609651,0.077636467
14.4488978,U,Acacia_parramattensis,0.005965272,-0.049659851,0.030419514,0.011604941,0.078180121
14.63927856,U,Acacia_parramattensis,0.006197336,-0.049563629,0.030340049,0.011495516,0.079111562
14.82965932,U,Acacia_parramattensis,0.0064294,-0.049463431,0.030260776,0.011650171,0.077427735
15.02004008,U,Acacia_parramattensis,0.006661464,-0.049359258,0.030181694,0.01132396,0.077590172
15.21042084,U,Acacia_parramattensis,0.006893528,-0.049251109,0.030102805,0.011312179,0.078165926
15.4008016,U,Acacia_parramattensis,0.007125592,-0.049138985,0.030024107,0.011368487,0.077111978
15.59118236,U,Acacia_parramattensis,0.007357656,-0.049022886,0.029945599,0.011314392,0.077069421
15.78156313,U,Acacia_parramattensis,0.00758972,-0.048902812,0.029867282,0.011317542,0.077456051
15.97194389,U,Acacia_parramattensis,0.007821783,-0.048778762,0.029789155,0.011548577,0.0778585
16.16232465,U,Acacia_parramattensis,0.008053847,-0.048650736,0.029711218,0.011279423,0.076305988
16.35270541,U,Acacia_parramattensis,0.008285911,-0.048518736,0.02963347,0.011317261,0.075831946
16.54308617,U,Acacia_parramattensis,0.008517975,-0.04838276,0.02955591,0.011198387,0.076381221
16.73346693,U,Acacia_parramattensis,0.008750039,-0.048242808,0.029478539,0.01120356,0.075659887
16.9238477,U,Acacia_parramattensis,0.008982103,-0.048098881,0.029401356,0.01107214,0.076581364
17.11422846,U,Acacia_parramattensis,0.009214167,-0.047950979,0.02932436,0.011113802,0.075817548
17.30460922,U,Acacia_parramattensis,0.009446231,-0.047799102,0.029247552,0.010987756,0.075935099
17.49498998,U,Acacia_parramattensis,0.009678295,-0.047643249,0.02917093,0.011248639,0.075059071
17.68537074,U,Acacia_parramattensis,0.009910359,-0.047483421,0.029094495,0.011232887,0.074728592
17.8757515,U,Acacia_parramattensis,0.010142422,-0.047319617,0.029018246,0.011123892,0.073877565
18.06613226,U,Acacia_parramattensis,0.010374486,-0.047151838,0.028942182,0.010972765,0.073893226
18.25651303,U,Acacia_parramattensis,0.01060655,-0.046980084,0.028866304,0.011202378,0.075093234
18.44689379,U,Acacia_parramattensis,0.010838614,-0.046804354,0.02879061,0.010853079,0.074286216
18.63727455,U,Acacia_parramattensis,0.011070678,-0.046624649,0.0287151,0.010894462,0.073254831
18.82765531,U,Acacia_parramattensis,0.011302742,-0.046440969,0.028639775,0.010404244,0.072725298
19.01803607,U,Acacia_parramattensis,0.011534806,-0.046253313,0.028564633,0.010801451,0.073137265
19.20841683,U,Acacia_parramattensis,0.01176687,-0.046061682,0.028489674,0.01090661,0.074326607
19.3987976,U,Acacia_parramattensis,0.011998934,-0.045866076,0.028414899,0.01083667,0.073119801
19.58917836,U,Acacia_parramattensis,0.012230998,-0.045666494,0.028340305,0.010684441,0.073202824
19.77955912,U,Acacia_parramattensis,0.012463062,-0.045462937,0.028265894,0.010776353,0.072521482
19.96993988,U,Acacia_parramattensis,0.012695125,-0.045255404,0.028191664,0.010654051,0.071813371
20.16032064,U,Acacia_parramattensis,0.012927189,-0.045043897,0.028117615,0.010573563,0.071970041
20.3507014,U,Acacia_parramattensis,0.013159253,-0.044828413,0.028043747,0.010590266,0.071751091
20.54108216,U,Acacia_parramattensis,0.013391317,-0.044608955,0.02797006,0.010817748,0.071575424
20.73146293,U,Acacia_parramattensis,0.013623381,-0.044385521,0.027896553,0.010359607,0.071514758
20.92184369,U,Acacia_parramattensis,0.013855445,-0.044158111,0.027823225,0.010579472,0.071343295
21.11222445,U,Acacia_parramattensis,0.014087509,-0.043926727,0.027750077,0.01033887,0.070591511
21.30260521,U,Acacia_parramattensis,0.014319573,-0.043691367,0.027677107,0.010675627,0.071046716
21.49298597,U,Acacia_parramattensis,0.014551637,-0.043452031,0.027604316,0.010658728,0.07128768
21.68336673,U,Acacia_parramattensis,0.014783701,-0.043208721,0.027531703,0.010591809,0.071229445
21.87374749,U,Acacia_parramattensis,0.015015764,-0.042961434,0.027459268,0.010388065,0.069827541
22.06412826,U,Acacia_parramattensis,0.015247828,-0.042710173,0.02738701,0.010378805,0.070746938
22.25450902,U,Acacia_parramattensis,0.015479892,-0.042454936,0.027314929,0.01043391,0.070225744
22.44488978,U,Acacia_parramattensis,0.015711956,-0.042195724,0.027243025,0.010267454,0.069610861
22.63527054,U,Acacia_parramattensis,0.01594402,-0.041932536,0.027171297,0.010350843,0.0699557
22.8256513,U,Acacia_parramattensis,0.016176084,-0.041665373,0.027099744,0.010279967,0.070116341
23.01603206,U,Acacia_parramattensis,0.016408148,-0.041394235,0.027028368,0.010277404,0.070219393
23.20641283,U,Acacia_parramattensis,0.016640212,-0.041119121,0.026957166,0.010451734,0.069757566
23.39679359,U,Acacia_parramattensis,0.016872276,-0.040840032,0.026886138,0.010115122,0.069377725
23.58717435,U,Acacia_parramattensis,0.01710434,-0.040556968,0.026815285,0.01032183,0.06803848
23.77755511,U,Acacia_parramattensis,0.017336403,-0.040269928,0.026744606,0.010242723,0.069544963
23.96793587,U,Acacia_parramattensis,0.017568467,-0.039978913,0.026674101,0.010200599,0.069155414
24.15831663,U,Acacia_parramattensis,0.017800531,-0.039683923,0.026603768,0.01018883,0.068076004
24.34869739,U,Acacia_parramattensis,0.018032595,-0.039384957,0.026533609,0.010274986,0.067848754
24.53907816,U,Acacia_parramattensis,0.018264659,-0.039082016,0.026463621,0.010204798,0.066836255
24.72945892,U,Acacia_parramattensis,0.018496723,-0.038775099,0.026393806,0.010009772,0.068550013
24.91983968,U,Acacia_parramattensis,0.018728787,-0.038464208,0.026324163,0.010032682,0.069043206
25.11022044,U,Acacia_parramattensis,0.018960851,-0.03814934,0.02625469,0.010168287,0.066286948
25.3006012,U,Acacia_parramattensis,0.019192915,-0.037830498,0.026185389,0.010047823,0.066305639
25.49098196,U,Acacia_parramattensis,0.019424979,-0.03750768,0.026116258,0.009815975,0.067816919
25.68136273,U,Acacia_parramattensis,0.019657042,-0.037180886,0.026047297,0.009736428,0.065805689
25.87174349,U,Acacia_parramattensis,0.019889106,-0.036850118,0.025978506,0.009906904,0.068460771
26.06212425,U,Acacia_parramattensis,0.02012117,-0.036515374,0.025909884,0.009867995,0.06523935
26.25250501,U,Acacia_parramattensis,0.020353234,-0.036176654,0.025841431,0.009936153,0.066234469
26.44288577,U,Acacia_parramattensis,0.020585298,-0.03583396,0.025773147,0.009648089,0.065394665
26.63326653,U,Acacia_parramattensis,0.020817362,-0.035487289,0.025705031,0.009878668,0.064741318
26.82364729,U,Acacia_parramattensis,0.021049426,-0.035136644,0.025637083,0.009768428,0.066187307
27.01402806,U,Acacia_parramattensis,0.02128149,-0.034782023,0.025569303,0.009900026,0.065015347
27.20440882,U,Acacia_parramattensis,0.021513554,-0.034423427,0.02550169,0.009563693,0.064116374
27.39478958,U,Acacia_parramattensis,0.021745618,-0.034060855,0.025434243,0.00986171,0.066605947
27.58517034,U,Acacia_parramattensis,0.021977681,-0.033694308,0.025366963,0.009628565,0.065226496
27.7755511,U,Acacia_parramattensis,0.022209745,-0.033323786,0.02529985,0.009587198,0.064305034
27.96593186,U,Acacia_parramattensis,0.022441809,-0.032949288,0.025232901,0.009471211,0.063859487
28.15631263,U,Acacia_parramattensis,0.022673873,-0.032570815,0.025166118,0.009647621,0.063786857
28.34669339,U,Acacia_parramattensis,0.022905937,-0.032188367,0.025099501,0.009655037,0.064661103
28.53707415,U,Acacia_parramattensis,0.023138001,-0.031801943,0.025033047,0.009475666,0.06497877
28.72745491,U,Acacia_parramattensis,0.023370065,-0.031411544,0.024966758,0.009438046,0.063453689
28.91783567,U,Acacia_parramattensis,0.023602129,-0.03101717,0.024900633,0.00945566,0.06387209
29.10821643,U,Acacia_parramattensis,0.023834193,-0.03061882,0.024834671,0.009426438,0.063635945
29.29859719,U,Acacia_parramattensis,0.024066257,-0.030216495,0.024768873,0.009466477,0.064191215
29.48897796,U,Acacia_parramattensis,0.02429832,-0.029810194,0.024703237,0.009296174,0.063783388
29.67935872,U,Acacia_parramattensis,0.024530384,-0.029399918,0.024637764,0.009466428,0.063510419
29.86973948,U,Acacia_parramattensis,0.024762448,-0.028985667,0.024572453,0.00930709,0.06187541
30.06012024,U,Acacia_parramattensis,0.024994512,-0.028567441,0.024507303,0.009505124,0.062829147
30.250501,U,Acacia_parramattensis,0.025226576,-0.028145239,0.024442315,0.009426723,0.061989785
30.44088176,U,Acacia_parramattensis,0.02545864,-0.027719061,0.024377488,0.009348766,0.061865612
30.63126253,U,Acacia_parramattensis,0.025690704,-0.027288909,0.024312821,0.009290011,0.063430074
30.82164329,U,Acacia_parramattensis,0.025922768,-0.026854781,0.024248315,0.009188122,0.06340683
31.01202405,U,Acacia_parramattensis,0.026154832,-0.026416677,0.024183969,0.009322517,0.062531825
31.20240481,U,Acacia_parramattensis,0.026386896,-0.025974598,0.024119782,0.009335785,0.06182185
31.39278557,U,Acacia_parramattensis,0.02661896,-0.025528544,0.024055755,0.009424387,0.061112225
31.58316633,U,Acacia_parramattensis,0.026851023,-0.025078515,0.023991886,0.009084416,0.061588916
31.77354709,U,Acacia_parramattensis,0.027083087,-0.02462451,0.023928176,0.0090606,0.060851418
31.96392786,U,Acacia_parramattensis,0.027315151,-0.02416653,0.023864624,0.009007061,0.061298986
32.15430862,U,Acacia_parramattensis,0.027547215,-0.023704574,0.02380123,0.009025577,0.062459837
32.34468938,U,Acacia_parramattensis,0.027779279,-0.023238643,0.023737993,0.009161346,0.061658689
32.53507014,U,Acacia_parramattensis,0.028011343,-0.022768737,0.023674914,0.009082372,0.060974673
32.7254509,U,Acacia_parramattensis,0.028243407,-0.022294855,0.023611991,0.009050257,0.061697285
32.91583166,U,Acacia_parramattensis,0.028475471,-0.021816998,0.023549225,0.008992956,0.06084901
33.10621242,U,Acacia_parramattensis,0.028707535,-0.021335166,0.023486614,0.008902137,0.060166682
33.29659319,U,Acacia_parramattensis,0.028939599,-0.020849358,0.02342416,0.008730128,0.060419859
33.48697395,U,Acacia_parramattensis,0.029171662,-0.020359575,0.02336186,0.008812351,0.059140893
33.67735471,U,Acacia_parramattensis,0.029403726,-0.019865817,0.023299716,0.008965287,0.059913361
33.86773547,U,Acacia_parramattensis,0.02963579,-0.019368083,0.023237726,0.008997175,0.059984449
34.05811623,U,Acacia_parramattensis,0.029867854,-0.018866374,0.023175891,0.009039693,0.059863468
34.24849699,U,Acacia_parramattensis,0.030099918,-0.018360689,0.02311421,0.008713617,0.059866709
34.43887776,U,Acacia_parramattensis,0.030331982,-0.017851029,0.023052682,0.008746177,0.059424639
34.62925852,U,Acacia_parramattensis,0.030564046,-0.017337394,0.022991308,0.008744156,0.058051458
34.81963928,U,Acacia_parramattensis,0.03079611,-0.016819783,0.022930086,0.008731134,0.057977979
35.01002004,U,Acacia_parramattensis,0.031028174,-0.016298197,0.022869017,0.008793233,0.059114862
35.2004008,U,Acacia_parramattensis,0.031260238,-0.015772636,0.022808101,0.008742959,0.058716354
35.39078156,U,Acacia_parramattensis,0.031492301,-0.015243099,0.022747336,0.008617344,0.058289027
35.58116232,U,Acacia_parramattensis,0.031724365,-0.014709587,0.022686723,0.008581962,0.059054164
35.77154309,U,Acacia_parramattensis,0.031956429,-0.0141721,0.022626261,0.00858135,0.057534495
35.96192385,U,Acacia_parramattensis,0.032188493,-0.013630637,0.02256595,0.008564912,0.058800866
36.15230461,U,Acacia_parramattensis,0.032420557,-0.013085199,0.02250579,0.008651144,0.057588282
36.34268537,U,Acacia_parramattensis,0.032652621,-0.012535786,0.02244578,0.008595177,0.057387718
36.53306613,U,Acacia_parramattensis,0.032884685,-0.011982397,0.022385919,0.008505046,0.056822032
36.72344689,U,Acacia_parramattensis,0.033116749,-0.011425033,0.022326209,0.008493294,0.057321837
36.91382766,U,Acacia_parramattensis,0.033348813,-0.010863693,0.022266647,0.008532463,0.058457385
37.10420842,U,Acacia_parramattensis,0.033580877,-0.010298378,0.022207234,0.00830014,0.057373698
37.29458918,U,Acacia_parramattensis,0.03381294,-0.009729088,0.02214797,0.008274763,0.057151679
37.48496994,U,Acacia_parramattensis,0.034045004,-0.009155822,0.022088854,0.00849467,0.056450835
37.6753507,U,Acacia_parramattensis,0.034277068,-0.008578581,0.022029886,0.008271109,0.056229939
37.86573146,U,Acacia_parramattensis,0.034509132,-0.007997365,0.021971066,0.008408427,0.057063479
38.05611222,U,Acacia_parramattensis,0.034741196,-0.007412173,0.021912392,0.00833874,0.056200002
38.24649299,U,Acacia_parramattensis,0.03497326,-0.006823006,0.021853866,0.008287865,0.057040579
38.43687375,U,Acacia_parramattensis,0.035205324,-0.006229863,0.021795486,0.008124061,0.0567647
38.62725451,U,Acacia_parramattensis,0.035437388,-0.005632746,0.021737252,0.008264349,0.056479194
38.81763527,U,Acacia_parramattensis,0.035669452,-0.005031652,0.021679164,0.008248189,0.056793551
39.00801603,U,Acacia_parramattensis,0.035901516,-0.004426584,0.021621222,0.008154285,0.056837178
39.19839679,U,Acacia_parramattensis,0.036133579,-0.00381754,0.021563425,0.008195127,0.056707642
39.38877756,U,Acacia_parramattensis,0.036365643,-0.003204521,0.021505773,0.008102198,0.056072699
39.57915832,U,Acacia_parramattensis,0.036597707,-0.002587526,0.021448265,0.007882105,0.055627639
39.76953908,U,Acacia_parramattensis,0.036829771,-0.001966556,0.021390902,0.008065598,0.054535752
39.95991984,U,Acacia_parramattensis,0.037061835,-0.001341611,0.021333682,0.008072313,0.05587709
40.1503006,U,Acacia_parramattensis,0.037293899,-7.13E-04,0.021276606,0.00792882,0.055178251
40.34068136,U,Acacia_parramattensis,0.037525963,-7.98E-05,0.021219674,0.007867001,0.055139277
40.53106212,U,Acacia_parramattensis,0.037758027,5.57E-04,0.021162884,0.008007387,0.05436235
40.72144289,U,Acacia_parramattensis,0.037990091,0.001197924,0.021106237,0.008068101,0.055547663
40.91182365,U,Acacia_parramattensis,0.038222155,0.001842746,0.021049732,0.007871454,0.053499249
41.10220441,U,Acacia_parramattensis,0.038454219,0.002491544,0.020993369,0.007783705,0.054938391
41.29258517,U,Acacia_parramattensis,0.038686282,0.003144317,0.020937147,0.007886314,0.054852416
41.48296593,U,Acacia_parramattensis,0.038918346,0.003801065,0.020881067,0.007874549,0.05426047
41.67334669,U,Acacia_parramattensis,0.03915041,0.004461788,0.020825128,0.007728431,0.054856591
41.86372745,U,Acacia_parramattensis,0.039382474,0.005126487,0.02076933,0.007754919,0.054440803
42.05410822,U,Acacia_parramattensis,0.039614538,0.005795162,0.020713672,0.00778388,0.053950245
42.24448898,U,Acacia_parramattensis,0.039846602,0.006467811,0.020658154,0.00772415,0.053764326
42.43486974,U,Acacia_parramattensis,0.040078666,0.007144436,0.020602776,0.007627998,0.054183062
42.6252505,U,Acacia_parramattensis,0.04031073,0.007825037,0.020547537,0.007840629,0.053794858
42.81563126,U,Acacia_parramattensis,0.040542794,0.008509612,0.020492437,0.007601621,0.054432856
43.00601202,U,Acacia_parramattensis,0.040774858,0.009198163,0.020437476,0.007666861,0.053971542
43.19639279,U,Acacia_parramattensis,0.041006921,0.00989069,0.020382654,0.007694436,0.053164502
43.38677355,U,Acacia_parramattensis,0.041238985,0.010587192,0.020327969,0.007531068,0.053542503
43.57715431,U,Acacia_parramattensis,0.041471049,0.011287669,0.020273423,0.007531076,0.054142071
43.76753507,U,Acacia_parramattensis,0.041703113,0.011992121,0.020219013,0.007464896,0.0543042
43.95791583,U,Acacia_parramattensis,0.041935177,0.012700549,0.020164741,0.007393875,0.054235117
44.14829659,U,Acacia_parramattensis,0.042167241,0.013412953,0.020110606,0.007419577,0.053821746
44.33867735,U,Acacia_parramattensis,0.042399305,0.014129331,0.020056608,0.007418187,0.053844164
44.52905812,U,Acacia_parramattensis,0.042631369,0.014849685,0.020002745,0.007393307,0.052568719
44.71943888,U,Acacia_parramattensis,0.042863433,0.015574015,0.019949019,0.007404177,0.05347374
44.90981964,U,Acacia_parramattensis,0.043095497,0.016302319,0.019895428,0.007450903,0.053837273
45.1002004,U,Acacia_parramattensis,0.04332756,0.017034599,0.019841973,0.00731078,0.051256166
45.29058116,U,Acacia_parramattensis,0.043559624,0.017770855,0.019788652,0.007244275,0.053026571
45.48096192,U,Acacia_parramattensis,0.043791688,0.018511085,0.019735466,0.007270872,0.053086195
45.67134269,U,Acacia_parramattensis,0.044023752,0.019255292,0.019682415,0.007074399,0.052510986
45.86172345,U,Acacia_parramattensis,0.044255816,0.020003473,0.019629497,0.007115417,0.052712145
46.05210421,U,Acacia_parramattensis,0.04448788,0.02075563,0.019576714,0.007068697,0.052573806
46.24248497,U,Acacia_parramattensis,0.044719944,0.021511762,0.019524064,0.007075964,0.050985539
46.43286573,U,Acacia_parramattensis,0.044952008,0.02227187,0.019471547,0.007124782,0.053818783
46.62324649,U,Acacia_parramattensis,0.045184072,0.023035953,0.019419162,0.006875356,0.05238896
46.81362725,U,Acacia_parramattensis,0.045416136,0.023804011,0.019366911,0.00721025,0.052429069
47.00400802,U,Acacia_parramattensis,0.045648199,0.024576045,0.019314791,0.007048161,0.051876177
47.19438878,U,Acacia_parramattensis,0.045880263,0.025352054,0.019262804,0.006993688,0.052153626
47.38476954,U,Acacia_parramattensis,0.046112327,0.026132038,0.019210948,0.006968049,0.051883622
47.5751503,U,Acacia_parramattensis,0.046344391,0.026915998,0.019159223,0.006924992,0.051591346
47.76553106,U,Acacia_parramattensis,0.046576455,0.027703933,0.01910763,0.00685027,0.052305089
47.95591182,U,Acacia_parramattensis,0.046808519,0.028495843,0.019056167,0.006972447,0.052353017
48.14629259,U,Acacia_parramattensis,0.047040583,0.029291729,0.019004834,0.006878037,0.050865933
48.33667335,U,Acacia_parramattensis,0.047272647,0.03009159,0.018953632,0.006904332,0.05183605
48.52705411,U,Acacia_parramattensis,0.047504711,0.030895427,0.01890256,0.006731902,0.052195314
48.71743487,U,Acacia_parramattensis,0.047736775,0.031703239,0.018851617,0.006854706,0.051299384
48.90781563,U,Acacia_parramattensis,0.047968838,0.032515026,0.018800803,0.006792893,0.051120613
49.09819639,U,Acacia_parramattensis,0.048200902,0.033330789,0.018750118,0.006681408,0.052071505
49.28857715,U,Acacia_parramattensis,0.048432966,0.034150527,0.018699562,0.00658325,0.051800478
49.47895792,U,Acacia_parramattensis,0.04866503,0.03497424,0.018649134,0.006551608,0.052115646
49.66933868,U,Acacia_parramattensis,0.048897094,0.035801929,0.018598834,0.006560834,0.051477771
49.85971944,U,Acacia_parramattensis,0.049129158,0.036633593,0.018548661,0.006535043,0.051756562
50.0501002,U,Acacia_parramattensis,0.049361222,0.037469232,0.018498617,0.006611722,0.051848888
50.24048096,U,Acacia_parramattensis,0.049593286,0.038308847,0.018448699,0.006502255,0.051353266
50.43086172,U,Acacia_parramattensis,0.04982535,0.039152437,0.018398908,0.006571098,0.050588566
50.62124248,U,Acacia_parramattensis,0.050057414,0.040000003,0.018349244,0.006377112,0.051453001
50.81162325,U,Acacia_parramattensis,0.050289477,0.040851543,0.018299706,0.006382429,0.050327948
51.00200401,U,Acacia_parramattensis,0.050521541,0.04170706,0.018250294,0.006344207,0.051036715
51.19238477,U,Acacia_parramattensis,0.050753605,0.042566551,0.018201007,0.006312117,0.051335197
51.38276553,U,Acacia_parramattensis,0.050985669,0.043430018,0.018151846,0.006336196,0.052218984
51.57314629,U,Acacia_parramattensis,0.051217733,0.044297461,0.01810281,0.006294655,0.051480408
51.76352705,U,Acacia_parramattensis,0.051449797,0.045168878,0.018053899,0.006237347,0.052067043
51.95390782,U,Acacia_parramattensis,0.051681861,0.046044271,0.018005113,0.006209348,0.050320438
52.14428858,U,Acacia_parramattensis,0.051913925,0.04692364,0.01795645,0.006163052,0.0507763
52.33466934,U,Acacia_parramattensis,0.052145989,0.047806983,0.017907912,0.006241514,0.052189569
52.5250501,U,Acacia_parramattensis,0.052378053,0.048694302,0.017859497,0.006126816,0.051241551
52.71543086,U,Acacia_parramattensis,0.052610117,0.049585597,0.017811205,0.006060936,0.052581863
52.90581162,U,Acacia_parramattensis,0.05284218,0.050480867,0.017763037,0.006093024,0.051786232
0.170340681,U,Acacia_parramattensis,-0.01143952,-0.045546757,0.036958729,0.01396956,0.092929297
53.28657315,U,Acacia_parramattensis,0.053306308,0.052283332,0.017667068,0.005901098,0.05006125
53.47695391,U,Acacia_parramattensis,0.053538372,0.053190528,0.017619267,0.006004423,0.051204294
53.66733467,U,Acacia_parramattensis,0.053770436,0.0541017,0.017571588,0.005982941,0.051766585
53.85771543,U,Acacia_parramattensis,0.0540025,0.055016846,0.01752403,0.005929358,0.051203664
54.04809619,U,Acacia_parramattensis,0.054234564,0.055935968,0.017476594,0.005946626,0.051382633
54.23847695,U,Acacia_parramattensis,0.054466628,0.056859066,0.017429279,0.005862604,0.051152206
54.42885772,U,Acacia_parramattensis,0.054698692,0.057786138,0.017382085,0.005837689,0.050603244
54.61923848,U,Acacia_parramattensis,0.054930756,0.058717186,0.017335011,0.005814843,0.051569369
54.80961924,U,Acacia_parramattensis,0.055162819,0.05965221,0.017288058,0.005782854,0.050900492
55,U,Acacia_parramattensis,0.055394883,0.060591209,0.017241224,0.005626235,0.050988257
-40,C,Acacia_parramattensis,-0.060405004,0.085973289,0.540316141,0.256427074,0.800421453
-39.80961924,C,Acacia_parramattensis,-0.06017294,0.084932558,0.529852053,0.254063505,0.78523029
-39.61923848,C,Acacia_parramattensis,-0.059940876,0.083895803,0.519404391,0.241405283,0.778534944
-39.42885772,C,Acacia_parramattensis,-0.059708812,0.082863023,0.508982516,0.237193064,0.769471273
-39.23847695,C,Acacia_parramattensis,-0.059476748,0.081834219,0.498595627,0.229327125,0.765650827
-39.04809619,C,Acacia_parramattensis,-0.059244684,0.080809389,0.488252726,0.221998623,0.760561491
-38.85771543,C,Acacia_parramattensis,-0.05901262,0.079788536,0.477962589,0.218790068,0.750939851
-38.66733467,C,Acacia_parramattensis,-0.058780556,0.078771657,0.467733744,0.213441912,0.743813143
-38.47695391,C,Acacia_parramattensis,-0.058548492,0.077758754,0.457574439,0.209106385,0.735523872
-38.28657315,C,Acacia_parramattensis,-0.058316429,0.076749826,0.447492623,0.198639717,0.726804314
-38.09619238,C,Acacia_parramattensis,-0.058084365,0.075744874,0.437495925,0.194468906,0.716364863
-37.90581162,C,Acacia_parramattensis,-0.057852301,0.074743897,0.427591636,0.187369169,0.704092354
-37.71543086,C,Acacia_parramattensis,-0.057620237,0.073746896,0.41778669,0.181666785,0.69305826
-37.5250501,C,Acacia_parramattensis,-0.057388173,0.072753869,0.408087656,0.179909112,0.690241502
-37.33466934,C,Acacia_parramattensis,-0.057156109,0.071764818,0.398500722,0.174618347,0.679730904
-37.14428858,C,Acacia_parramattensis,-0.056924045,0.070779743,0.389031689,0.168947851,0.66637195
-36.95390782,C,Acacia_parramattensis,-0.056691981,0.069798643,0.379685963,0.161507461,0.658227803
-36.76352705,C,Acacia_parramattensis,-0.056459917,0.068821518,0.370468555,0.155024373,0.642687193
-36.57314629,C,Acacia_parramattensis,-0.056227853,0.067848369,0.361384074,0.154254267,0.639053456
-36.38276553,C,Acacia_parramattensis,-0.055995789,0.066879194,0.35243673,0.147640079,0.631956255
-36.19238477,C,Acacia_parramattensis,-0.055763726,0.065913996,0.343630336,0.143834481,0.616724375
-36.00200401,C,Acacia_parramattensis,-0.055531662,0.064952772,0.334968313,0.138851585,0.609688411
-35.81162325,C,Acacia_parramattensis,-0.055299598,0.063995524,0.326453694,0.13344102,0.5990333
-35.62124248,C,Acacia_parramattensis,-0.055067534,0.063042252,0.318089133,0.129746374,0.587326903
-35.43086172,C,Acacia_parramattensis,-0.05483547,0.062092954,0.309876911,0.126272032,0.577818553
-35.24048096,C,Acacia_parramattensis,-0.054603406,0.061147632,0.301818953,0.122965034,0.568586084
-35.0501002,C,Acacia_parramattensis,-0.054371342,0.060206286,0.293916829,0.119219643,0.555615498
-34.85971944,C,Acacia_parramattensis,-0.054139278,0.059268915,0.286171777,0.1153962,0.551579139
-34.66933868,C,Acacia_parramattensis,-0.053907214,0.058335519,0.278584706,0.112556309,0.542147872
-34.47895792,C,Acacia_parramattensis,-0.05367515,0.057406098,0.271156219,0.11062883,0.522553257
-34.28857715,C,Acacia_parramattensis,-0.053443087,0.056480653,0.26388662,0.106110676,0.513055448
-34.09819639,C,Acacia_parramattensis,-0.053211023,0.055559183,0.256775933,0.1022131,0.504275945
-33.90781563,C,Acacia_parramattensis,-0.052978959,0.054641689,0.249823914,0.100107654,0.491916382
0.170340681,C,Acacia_parramattensis,-0.01143952,-0.045546757,0.007237402,0.002625481,0.020071506
-33.52705411,C,Acacia_parramattensis,-0.052514831,0.052818626,0.236393671,0.093822142,0.474285014
-33.33667335,C,Acacia_parramattensis,-0.052282767,0.051913058,0.229913767,0.091038404,0.471618251
-33.14629259,C,Acacia_parramattensis,-0.052050703,0.051011465,0.223589202,0.088405676,0.462517571
-32.95591182,C,Acacia_parramattensis,-0.051818639,0.050113847,0.21741863,0.086499275,0.449286613
-32.76553106,C,Acacia_parramattensis,-0.051586575,0.049220205,0.21140053,0.083647519,0.437045384
-32.5751503,C,Acacia_parramattensis,-0.051354511,0.048330538,0.20553322,0.082405475,0.439101427
-32.38476954,C,Acacia_parramattensis,-0.051122448,0.047444847,0.199814869,0.07935196,0.419776696
-32.19438878,C,Acacia_parramattensis,-0.050890384,0.046563131,0.194243515,0.075698051,0.41627003
-32.00400802,C,Acacia_parramattensis,-0.05065832,0.04568539,0.188817073,0.072904786,0.405918041
-31.81362725,C,Acacia_parramattensis,-0.050426256,0.044811624,0.183533353,0.071522755,0.393436987
-31.62324649,C,Acacia_parramattensis,-0.050194192,0.043941834,0.178390069,0.069471833,0.379486543
-31.43286573,C,Acacia_parramattensis,-0.049962128,0.04307602,0.17338485,0.066627007,0.378012704
-31.24248497,C,Acacia_parramattensis,-0.049730064,0.04221418,0.168515253,0.064862787,0.368737466
-31.05210421,C,Acacia_parramattensis,-0.049498,0.041356316,0.163778771,0.063143921,0.364898042
-30.86172345,C,Acacia_parramattensis,-0.049265936,0.040502428,0.159172849,0.062404268,0.353789068
-30.67134269,C,Acacia_parramattensis,-0.049033872,0.039652514,0.154694884,0.059048289,0.342259191
-30.48096192,C,Acacia_parramattensis,-0.048801809,0.038806576,0.150342243,0.056895859,0.336143527
-30.29058116,C,Acacia_parramattensis,-0.048569745,0.037964614,0.146112263,0.057252104,0.32592338
-30.1002004,C,Acacia_parramattensis,-0.048337681,0.037126627,0.142002266,0.054782789,0.316222448
-29.90981964,C,Acacia_parramattensis,-0.048105617,0.036292615,0.138009561,0.052849847,0.309331526
-29.71943888,C,Acacia_parramattensis,-0.047873553,0.035462578,0.134131454,0.052300506,0.303630827
-29.52905812,C,Acacia_parramattensis,-0.047641489,0.034636517,0.130365251,0.049713265,0.299485647
-29.33867735,C,Acacia_parramattensis,-0.047409425,0.033814431,0.126708267,0.047686225,0.287157095
-29.14829659,C,Acacia_parramattensis,-0.047177361,0.032996321,0.123157829,0.047124817,0.282183525
-28.95791583,C,Acacia_parramattensis,-0.046945297,0.032182186,0.11971128,0.044862534,0.279249457
-28.76753507,C,Acacia_parramattensis,-0.046713233,0.031372026,0.116365987,0.043916446,0.266752843
-28.57715431,C,Acacia_parramattensis,-0.04648117,0.030565842,0.113119339,0.043502269,0.259384932
-28.38677355,C,Acacia_parramattensis,-0.046249106,0.029763633,0.109968758,0.042842107,0.255732035
-28.19639279,C,Acacia_parramattensis,-0.046017042,0.028965399,0.106911694,0.041762472,0.249207861
-28.00601202,C,Acacia_parramattensis,-0.045784978,0.028171141,0.103945636,0.039932181,0.244990126
-27.81563126,C,Acacia_parramattensis,-0.045552914,0.027380858,0.101068108,0.037978675,0.236212586
-27.6252505,C,Acacia_parramattensis,-0.04532085,0.026594551,0.098276673,0.038311394,0.231476822
-27.43486974,C,Acacia_parramattensis,-0.045088786,0.025812219,0.095568936,0.037163923,0.230108594
-27.24448898,C,Acacia_parramattensis,-0.044856722,0.025033862,0.092942547,0.035388106,0.2215347
-27.05410822,C,Acacia_parramattensis,-0.044624658,0.02425948,0.090395199,0.034701974,0.219224546
-26.86372745,C,Acacia_parramattensis,-0.044392594,0.023489074,0.087924628,0.033239801,0.215648055
-26.67334669,C,Acacia_parramattensis,-0.044160531,0.022722644,0.085528622,0.032890946,0.207240891
-26.48296593,C,Acacia_parramattensis,-0.043928467,0.021960188,0.083205011,0.031214392,0.199183607
-26.29258517,C,Acacia_parramattensis,-0.043696403,0.021201708,0.080951675,0.031067649,0.193632159
-26.10220441,C,Acacia_parramattensis,-0.043464339,0.020447204,0.078766544,0.029983705,0.187542568
-25.91182365,C,Acacia_parramattensis,-0.043232275,0.019696674,0.076647592,0.029450141,0.186819561
-25.72144289,C,Acacia_parramattensis,-0.043000211,0.01895012,0.074592846,0.028458118,0.180905618
-25.53106212,C,Acacia_parramattensis,-0.042768147,0.018207542,0.072600378,0.027793995,0.178191944
-25.34068136,C,Acacia_parramattensis,-0.042536083,0.017468939,0.07066831,0.026493483,0.171394401
-25.1503006,C,Acacia_parramattensis,-0.042304019,0.016734311,0.068794813,0.02628256,0.167976067
-24.95991984,C,Acacia_parramattensis,-0.042071955,0.016003658,0.066978102,0.025250237,0.163122313
-24.76953908,C,Acacia_parramattensis,-0.041839891,0.015276981,0.065216443,0.02442549,0.162223393
-24.57915832,C,Acacia_parramattensis,-0.041607828,0.014554279,0.063508147,0.023806578,0.158048713
-24.38877756,C,Acacia_parramattensis,-0.041375764,0.013835553,0.061851571,0.023238849,0.153573397
-24.19839679,C,Acacia_parramattensis,-0.0411437,0.013120802,0.060245119,0.0228771,0.147412806
-24.00801603,C,Acacia_parramattensis,-0.040911636,0.012410026,0.058687237,0.021889066,0.145562426
-23.81763527,C,Acacia_parramattensis,-0.040679572,0.011703226,0.057176419,0.021825353,0.142411908
-23.62725451,C,Acacia_parramattensis,-0.040447508,0.011000401,0.055711198,0.020840618,0.137092949
-23.43687375,C,Acacia_parramattensis,-0.040215444,0.010301551,0.054290153,0.020510455,0.136660178
-23.24649299,C,Acacia_parramattensis,-0.03998338,0.009606677,0.052911902,0.02017104,0.131627372
-23.05611222,C,Acacia_parramattensis,-0.039751316,0.008915778,0.051575107,0.019182952,0.128585857
-22.86573146,C,Acacia_parramattensis,-0.039519252,0.008228855,0.050278466,0.019094406,0.125969443
-22.6753507,C,Acacia_parramattensis,-0.039287189,0.007545907,0.04902072,0.018425149,0.121635691
-22.48496994,C,Acacia_parramattensis,-0.039055125,0.006866934,0.047800645,0.018376604,0.121587165
-22.29458918,C,Acacia_parramattensis,-0.038823061,0.006191936,0.046617056,0.017723308,0.116331134
-22.10420842,C,Acacia_parramattensis,-0.038590997,0.005520914,0.045468805,0.017220096,0.114641164
-21.91382766,C,Acacia_parramattensis,-0.038358933,0.004853868,0.044354777,0.016989466,0.109792652
-21.72344689,C,Acacia_parramattensis,-0.038126869,0.004190796,0.043273894,0.01665262,0.109973196
-21.53306613,C,Acacia_parramattensis,-0.037894805,0.0035317,0.04222511,0.015994213,0.108622384
-21.34268537,C,Acacia_parramattensis,-0.037662741,0.00287658,0.041207414,0.01579458,0.106646568
-21.15230461,C,Acacia_parramattensis,-0.037430677,0.002225434,0.040219824,0.015218833,0.102948693
-20.96192385,C,Acacia_parramattensis,-0.037198613,0.001578265,0.03926139,0.01478249,0.100441598
-20.77154309,C,Acacia_parramattensis,-0.03696655,9.35E-04,0.038331195,0.014973938,0.098138119
-20.58116232,C,Acacia_parramattensis,-0.036734486,2.96E-04,0.037428346,0.014293664,0.093394466
-20.39078156,C,Acacia_parramattensis,-0.036502422,-3.39E-04,0.036551984,0.013955229,0.09242958
-20.2004008,C,Acacia_parramattensis,-0.036270358,-9.71E-04,0.035701273,0.013516392,0.088745492
-20.01002004,C,Acacia_parramattensis,-0.036038294,-0.001597955,0.034875407,0.013318632,0.089267185
-19.81963928,C,Acacia_parramattensis,-0.03580623,-0.002221272,0.034073605,0.012754844,0.087743894
-19.62925852,C,Acacia_parramattensis,-0.035574166,-0.002840615,0.033295111,0.012738354,0.086696932
-19.43887776,C,Acacia_parramattensis,-0.035342102,-0.003455982,0.032539193,0.012220517,0.082283263
-19.24849699,C,Acacia_parramattensis,-0.035110038,-0.004067374,0.031805143,0.012049993,0.081178203
-19.05811623,C,Acacia_parramattensis,-0.034877974,-0.00467479,0.031092278,0.011798028,0.080029838
-18.86773547,C,Acacia_parramattensis,-0.034645911,-0.005278231,0.030399936,0.011486726,0.078176226
-18.67735471,C,Acacia_parramattensis,-0.034413847,-0.005877696,0.029727474,0.011197802,0.075952686
-18.48697395,C,Acacia_parramattensis,-0.034181783,-0.006473187,0.029074274,0.01094087,0.074271928
-18.29659319,C,Acacia_parramattensis,-0.033949719,-0.007064701,0.028439736,0.010920723,0.071631358
-18.10621242,C,Acacia_parramattensis,-0.033717655,-0.007652241,0.02782328,0.010407724,0.07155308
-17.91583166,C,Acacia_parramattensis,-0.033485591,-0.008235805,0.027224345,0.010347144,0.070525512
-17.7254509,C,Acacia_parramattensis,-0.033253527,-0.008815394,0.02664239,0.010125081,0.067965789
-17.53507014,C,Acacia_parramattensis,-0.033021463,-0.009391007,0.026076888,0.009866802,0.067011883
-17.34468938,C,Acacia_parramattensis,-0.032789399,-0.009962645,0.025527334,0.00965061,0.065747356
-17.15430862,C,Acacia_parramattensis,-0.032557335,-0.010530308,0.024993235,0.009323247,0.06429441
-16.96392786,C,Acacia_parramattensis,-0.032325272,-0.011093995,0.024474117,0.00917583,0.064267111
-16.77354709,C,Acacia_parramattensis,-0.032093208,-0.011653707,0.023969521,0.008981518,0.061372789
-16.58316633,C,Acacia_parramattensis,-0.031861144,-0.012209444,0.023479004,0.008831803,0.059758172
-16.39278557,C,Acacia_parramattensis,-0.03162908,-0.012761205,0.023002134,0.008711348,0.060310081
-16.20240481,C,Acacia_parramattensis,-0.031397016,-0.013308991,0.022538498,0.008362307,0.057908183
-16.01202405,C,Acacia_parramattensis,-0.031164952,-0.013852802,0.022087694,0.008188805,0.057683296
-15.82164329,C,Acacia_parramattensis,-0.030932888,-0.014392637,0.021649332,0.008033988,0.056061902
-15.63126253,C,Acacia_parramattensis,-0.030700824,-0.014928497,0.021223038,0.007944435,0.056318209
-15.44088176,C,Acacia_parramattensis,-0.03046876,-0.015460381,0.020808447,0.007864223,0.054224733
-15.250501,C,Acacia_parramattensis,-0.030236696,-0.01598829,0.020405208,0.007763783,0.05297739
-15.06012024,C,Acacia_parramattensis,-0.030004633,-0.016512224,0.02001298,0.007545202,0.051936947
-14.86973948,C,Acacia_parramattensis,-0.029772569,-0.017032183,0.019631436,0.007239667,0.050432432
-14.67935872,C,Acacia_parramattensis,-0.029540505,-0.017548166,0.019260256,0.007192348,0.051512611
-14.48897796,C,Acacia_parramattensis,-0.029308441,-0.018060173,0.018899134,0.007042784,0.049051182
-14.29859719,C,Acacia_parramattensis,-0.029076377,-0.018568206,0.01854777,0.006887131,0.047755011
-14.10821643,C,Acacia_parramattensis,-0.028844313,-0.019072263,0.018205877,0.006851396,0.048290679
-13.91783567,C,Acacia_parramattensis,-0.028612249,-0.019572344,0.017873177,0.006648,0.045821921
-13.72745491,C,Acacia_parramattensis,-0.028380185,-0.02006845,0.017549399,0.006429781,0.046360926
-13.53707415,C,Acacia_parramattensis,-0.028148121,-0.020560581,0.017234283,0.006523561,0.045106793
-13.34669339,C,Acacia_parramattensis,-0.027916057,-0.021048737,0.016927576,0.006375297,0.044510234
-13.15631263,C,Acacia_parramattensis,-0.027683993,-0.021532917,0.016629035,0.006259931,0.043959033
-12.96593186,C,Acacia_parramattensis,-0.02745193,-0.022013122,0.016338422,0.006102839,0.043328269
-12.7755511,C,Acacia_parramattensis,-0.027219866,-0.022489351,0.01605551,0.006020086,0.041826892
-12.58517034,C,Acacia_parramattensis,-0.026987802,-0.022961605,0.015780076,0.005789149,0.041758586
-12.39478958,C,Acacia_parramattensis,-0.026755738,-0.023429884,0.015511908,0.005749434,0.040857658
-12.20440882,C,Acacia_parramattensis,-0.026523674,-0.023894187,0.015250797,0.00567912,0.040628348
-12.01402806,C,Acacia_parramattensis,-0.02629161,-0.024354515,0.014996543,0.005534085,0.039393285
-11.82364729,C,Acacia_parramattensis,-0.026059546,-0.024810868,0.014748951,0.005519982,0.038782184
-11.63326653,C,Acacia_parramattensis,-0.025827482,-0.025263245,0.014507835,0.005405998,0.037800137
-11.44288577,C,Acacia_parramattensis,-0.025595418,-0.025711647,0.014273012,0.005290705,0.037879975
-11.25250501,C,Acacia_parramattensis,-0.025363354,-0.026156074,0.014044306,0.005272641,0.037225958
-11.06212425,C,Acacia_parramattensis,-0.025131291,-0.026596525,0.013821547,0.005150209,0.036585746
-10.87174349,C,Acacia_parramattensis,-0.024899227,-0.027033001,0.013604569,0.005037314,0.035696789
-10.68136273,C,Acacia_parramattensis,-0.024667163,-0.027465501,0.013393213,0.005017657,0.035294762
-10.49098196,C,Acacia_parramattensis,-0.024435099,-0.027894026,0.013187324,0.00497897,0.034843171
-10.3006012,C,Acacia_parramattensis,-0.024203035,-0.028318576,0.012986754,0.004848067,0.034341955
-10.11022044,C,Acacia_parramattensis,-0.023970971,-0.02873915,0.012791355,0.004681305,0.033778215
-9.919839679,C,Acacia_parramattensis,-0.023738907,-0.029155749,0.01260099,0.004692679,0.033649602
-9.729458918,C,Acacia_parramattensis,-0.023506843,-0.029568373,0.01241552,0.004592462,0.033119196
-9.539078156,C,Acacia_parramattensis,-0.023274779,-0.029977021,0.012234816,0.004552938,0.032506955
-9.348697395,C,Acacia_parramattensis,-0.023042715,-0.030381694,0.012058748,0.004361676,0.031739051
-9.158316633,C,Acacia_parramattensis,-0.022810652,-0.030782392,0.011887195,0.004433905,0.031789028
-8.967935872,C,Acacia_parramattensis,-0.022578588,-0.031179114,0.011720036,0.004396461,0.030573364
-8.77755511,C,Acacia_parramattensis,-0.022346524,-0.031571861,0.011557156,0.004262761,0.031355929
-8.587174349,C,Acacia_parramattensis,-0.02211446,-0.031960632,0.011398442,0.004298588,0.031069936
-8.396793587,C,Acacia_parramattensis,-0.021882396,-0.032345429,0.011243786,0.004137291,0.030134213
-8.206412826,C,Acacia_parramattensis,-0.021650332,-0.032726249,0.011093083,0.004047519,0.029654471
-8.016032064,C,Acacia_parramattensis,-0.021418268,-0.033103095,0.010946231,0.004067953,0.029704776
-7.825651303,C,Acacia_parramattensis,-0.021186204,-0.033475965,0.010803131,0.00398151,0.029077677
-7.635270541,C,Acacia_parramattensis,-0.02095414,-0.03384486,0.010663687,0.003981899,0.028533427
-7.44488978,C,Acacia_parramattensis,-0.020722076,-0.034209779,0.010527807,0.003958559,0.028206842
-7.254509018,C,Acacia_parramattensis,-0.020490013,-0.034570723,0.010395402,0.003779468,0.028267559
-7.064128257,C,Acacia_parramattensis,-0.020257949,-0.034927691,0.010266384,0.003844828,0.02764739
-6.873747495,C,Acacia_parramattensis,-0.020025885,-0.035280685,0.010140669,0.003786233,0.027015013
-6.683366733,C,Acacia_parramattensis,-0.019793821,-0.035629703,0.010018176,0.00374273,0.026610852
-6.492985972,C,Acacia_parramattensis,-0.019561757,-0.035974745,0.009898825,0.003639718,0.026978866
-6.30260521,C,Acacia_parramattensis,-0.019329693,-0.036315812,0.009782541,0.003545892,0.026157974
-6.112224449,C,Acacia_parramattensis,-0.019097629,-0.036652904,0.009669248,0.003538572,0.026175311
-5.921843687,C,Acacia_parramattensis,-0.018865565,-0.036986021,0.009558875,0.003557414,0.026043354
-5.731462926,C,Acacia_parramattensis,-0.018633501,-0.037315162,0.009451353,0.003465733,0.025493681
-5.541082164,C,Acacia_parramattensis,-0.018401437,-0.037640327,0.009346614,0.003411721,0.025312944
-5.350701403,C,Acacia_parramattensis,-0.018169374,-0.037961518,0.009244593,0.003454068,0.024868563
-5.160320641,C,Acacia_parramattensis,-0.01793731,-0.038278733,0.009145226,0.003366463,0.025228443
-4.96993988,C,Acacia_parramattensis,-0.017705246,-0.038591973,0.009048452,0.003237336,0.025017165
-4.779559118,C,Acacia_parramattensis,-0.017473182,-0.038901237,0.008954212,0.00327851,0.024349975
-4.589178357,C,Acacia_parramattensis,-0.017241118,-0.039206526,0.008862449,0.00323692,0.024094244
-4.398797595,C,Acacia_parramattensis,-0.017009054,-0.039507839,0.008773106,0.003158434,0.024247612
-4.208416834,C,Acacia_parramattensis,-0.01677699,-0.039805178,0.008686131,0.003202316,0.02366749
-4.018036072,C,Acacia_parramattensis,-0.016544926,-0.04009854,0.008601469,0.003104394,0.023499273
-3.827655311,C,Acacia_parramattensis,-0.016312862,-0.040387928,0.008519072,0.003174986,0.023887622
-3.637274549,C,Acacia_parramattensis,-0.016080798,-0.04067334,0.00843889,0.003107274,0.023008284
-3.446893788,C,Acacia_parramattensis,-0.015848734,-0.040954777,0.008360875,0.003054285,0.022897303
-3.256513026,C,Acacia_parramattensis,-0.015616671,-0.041232238,0.008284982,0.00305627,0.022311622
-3.066132265,C,Acacia_parramattensis,-0.015384607,-0.041505724,0.008211166,0.002955025,0.022681011
-2.875751503,C,Acacia_parramattensis,-0.015152543,-0.041775235,0.008139384,0.002941381,0.022332854
-2.685370741,C,Acacia_parramattensis,-0.014920479,-0.04204077,0.008069596,0.002918364,0.02239883
-2.49498998,C,Acacia_parramattensis,-0.014688415,-0.04230233,0.008001759,0.002897192,0.022557765
-2.304609218,C,Acacia_parramattensis,-0.014456351,-0.042559915,0.007935836,0.002886488,0.021510133
-2.114228457,C,Acacia_parramattensis,-0.014224287,-0.042813524,0.007871788,0.002888456,0.021428524
-1.923847695,C,Acacia_parramattensis,-0.013992223,-0.043063158,0.00780958,0.002812507,0.021721031
-1.733466934,C,Acacia_parramattensis,-0.013760159,-0.043308817,0.007749176,0.002766656,0.020890559
-1.543086172,C,Acacia_parramattensis,-0.013528095,-0.0435505,0.007690542,0.002758908,0.02087131
-1.352705411,C,Acacia_parramattensis,-0.013296032,-0.043788208,0.007633645,0.002795031,0.021480576
-1.162324649,C,Acacia_parramattensis,-0.013063968,-0.04402194,0.007578453,0.002744812,0.020909662
-0.971943888,C,Acacia_parramattensis,-0.012831904,-0.044251697,0.007524935,0.002708957,0.020819813
-0.781563126,C,Acacia_parramattensis,-0.01259984,-0.044477479,0.007473062,0.002712082,0.02042539
-0.591182365,C,Acacia_parramattensis,-0.012367776,-0.044699285,0.007422806,0.002605032,0.02039781
-0.400801603,C,Acacia_parramattensis,-0.012135712,-0.044917116,0.007374138,0.002665034,0.02060091
-0.210420842,C,Acacia_parramattensis,-0.011903648,-0.045130972,0.007327031,0.002611694,0.020491687
-0.02004008,C,Acacia_parramattensis,-0.011671584,-0.045340852,0.007281461,0.002642138,0.019953719
53.09619238,U,Acacia_parramattensis,0.053074244,0.051380112,0.017714991,0.005930674,0.051031442
0.360721443,C,Acacia_parramattensis,-0.011207456,-0.045748687,0.007194831,0.002576452,0.020212961
0.551102204,C,Acacia_parramattensis,-0.010975393,-0.045946641,0.007153724,0.002589827,0.019756168
0.741482966,C,Acacia_parramattensis,-0.010743329,-0.04614062,0.007114059,0.002569609,0.019527987
0.931863727,C,Acacia_parramattensis,-0.010511265,-0.046330623,0.007075816,0.002535789,0.019569136
1.122244489,C,Acacia_parramattensis,-0.010279201,-0.046516652,0.007038972,0.002551854,0.019777815
1.312625251,C,Acacia_parramattensis,-0.010047137,-0.046698704,0.00700351,0.002506756,0.019536092
1.503006012,C,Acacia_parramattensis,-0.009815073,-0.046876782,0.00696941,0.002480272,0.019288795
1.693386774,C,Acacia_parramattensis,-0.009583009,-0.047050884,0.006936655,0.00250401,0.019249923
1.883767535,C,Acacia_parramattensis,-0.009350945,-0.047221011,0.006905225,0.002526313,0.018673124
2.074148297,C,Acacia_parramattensis,-0.009118881,-0.047387162,0.006875107,0.002487886,0.018754876
2.264529058,C,Acacia_parramattensis,-0.008886817,-0.047549338,0.006846282,0.002500642,0.019035324
2.45490982,C,Acacia_parramattensis,-0.008654754,-0.047707538,0.006818737,0.002439103,0.018834906
2.645290581,C,Acacia_parramattensis,-0.00842269,-0.047861764,0.006792457,0.002415687,0.018852125
2.835671343,C,Acacia_parramattensis,-0.008190626,-0.048012014,0.006767428,0.002487046,0.018907209
3.026052104,C,Acacia_parramattensis,-0.007958562,-0.048158288,0.006743637,0.002426965,0.018357484
3.216432866,C,Acacia_parramattensis,-0.007726498,-0.048300587,0.006721072,0.002397771,0.018600541
3.406813627,C,Acacia_parramattensis,-0.007494434,-0.048438911,0.006699721,0.002392608,0.018524003
3.597194389,C,Acacia_parramattensis,-0.00726237,-0.04857326,0.006679574,0.002383919,0.018484584
3.78757515,C,Acacia_parramattensis,-0.007030306,-0.048703633,0.006660619,0.002413257,0.018510687
3.977955912,C,Acacia_parramattensis,-0.006798242,-0.04883003,0.006642847,0.002364777,0.018758814
4.168336673,C,Acacia_parramattensis,-0.006566178,-0.048952453,0.006626249,0.002382891,0.018618768
4.358717435,C,Acacia_parramattensis,-0.006334115,-0.0490709,0.006610817,0.002390704,0.018562543
4.549098196,C,Acacia_parramattensis,-0.006102051,-0.049185371,0.006596542,0.002367287,0.018529525
4.739478958,C,Acacia_parramattensis,-0.005869987,-0.049295868,0.006583417,0.002379539,0.018729027
4.929859719,C,Acacia_parramattensis,-0.005637923,-0.049402389,0.006571435,0.002408727,0.018411699
5.120240481,C,Acacia_parramattensis,-0.005405859,-0.049504934,0.006560591,0.002320381,0.018158434
5.310621242,C,Acacia_parramattensis,-0.005173795,-0.049603504,0.006550879,0.002376537,0.018248656
5.501002004,C,Acacia_parramattensis,-0.004941731,-0.049698099,0.006542293,0.002294085,0.018274066
5.691382766,C,Acacia_parramattensis,-0.004709667,-0.049788719,0.006534831,0.00232679,0.01856751
5.881763527,C,Acacia_parramattensis,-0.004477603,-0.049875363,0.006528487,0.002314467,0.018308668
6.072144289,C,Acacia_parramattensis,-0.004245539,-0.049958032,0.006523258,0.002307817,0.018222607
6.26252505,C,Acacia_parramattensis,-0.004013476,-0.050036725,0.006519142,0.002331787,0.018217139
6.452905812,C,Acacia_parramattensis,-0.003781412,-0.050111443,0.006516137,0.00234364,0.018100734
6.643286573,C,Acacia_parramattensis,-0.003549348,-0.050182186,0.006514241,0.002345503,0.018075093
6.833667335,C,Acacia_parramattensis,-0.003317284,-0.050248953,0.006513454,0.002328028,0.018332679
7.024048096,C,Acacia_parramattensis,-0.00308522,-0.050311745,0.006513774,0.002300519,0.017754879
7.214428858,C,Acacia_parramattensis,-0.002853156,-0.050370562,0.006515203,0.002353631,0.018187044
7.404809619,C,Acacia_parramattensis,-0.002621092,-0.050425403,0.00651774,0.002319765,0.01838165
7.595190381,C,Acacia_parramattensis,-0.002389028,-0.050476269,0.006521387,0.00240032,0.018369237
7.785571142,C,Acacia_parramattensis,-0.002156964,-0.050523159,0.006526146,0.002394721,0.018199583
7.975951904,C,Acacia_parramattensis,-0.0019249,-0.050566075,0.00653202,0.002351457,0.018143013
8.166332665,C,Acacia_parramattensis,-0.001692836,-0.050605014,0.006539011,0.002364364,0.01812271
8.356713427,C,Acacia_parramattensis,-0.001460773,-0.050639979,0.006547122,0.002344553,0.01798802
8.547094188,C,Acacia_parramattensis,-0.001228709,-0.050670968,0.006556359,0.002358188,0.018574479
8.73747495,C,Acacia_parramattensis,-9.97E-04,-0.050697982,0.006566725,0.002329537,0.018441809
8.927855711,C,Acacia_parramattensis,-7.65E-04,-0.05072102,0.006578226,0.002317942,0.018194323
9.118236473,C,Acacia_parramattensis,-5.33E-04,-0.050740083,0.006590868,0.002339574,0.018196505
9.308617234,C,Acacia_parramattensis,-3.00E-04,-0.050755171,0.006604658,0.002326496,0.018673454
9.498997996,C,Acacia_parramattensis,-6.84E-05,-0.050766283,0.006619601,0.002340866,0.018122862
9.689378758,C,Acacia_parramattensis,1.64E-04,-0.05077342,0.006635707,0.002383846,0.018391525
9.879759519,C,Acacia_parramattensis,3.96E-04,-0.050776582,0.006652983,0.002349089,0.018820795
10.07014028,C,Acacia_parramattensis,6.28E-04,-0.050775768,0.006671437,0.002357575,0.018612009
10.26052104,C,Acacia_parramattensis,8.60E-04,-0.050770979,0.006691081,0.002375778,0.018618859
10.4509018,C,Acacia_parramattensis,0.00109193,-0.050762214,0.006711923,0.002389827,0.018575126
10.64128257,C,Acacia_parramattensis,0.001323994,-0.050749474,0.006733975,0.002458432,0.018826235
10.83166333,C,Acacia_parramattensis,0.001556058,-0.050732759,0.006757247,0.002414439,0.018567628
11.02204409,C,Acacia_parramattensis,0.001788122,-0.050712068,0.006781753,0.002414017,0.018933852
11.21242485,C,Acacia_parramattensis,0.002020186,-0.050687402,0.006807504,0.002412022,0.019274035
11.40280561,C,Acacia_parramattensis,0.00225225,-0.050658761,0.006834514,0.002471954,0.018948679
11.59318637,C,Acacia_parramattensis,0.002484314,-0.050626144,0.006862797,0.00244748,0.018995508
11.78356713,C,Acacia_parramattensis,0.002716378,-0.050589552,0.006892369,0.002441628,0.019118796
11.9739479,C,Acacia_parramattensis,0.002948442,-0.050548985,0.006923243,0.002497837,0.019253945
12.16432866,C,Acacia_parramattensis,0.003180505,-0.050504442,0.006955438,0.002473445,0.019449399
12.35470942,C,Acacia_parramattensis,0.003412569,-0.050455924,0.006988969,0.002489465,0.019639115
12.54509018,C,Acacia_parramattensis,0.003644633,-0.050403431,0.007023854,0.002523169,0.01951004
12.73547094,C,Acacia_parramattensis,0.003876697,-0.050346962,0.007060113,0.002528003,0.01959041
12.9258517,C,Acacia_parramattensis,0.004108761,-0.050286518,0.007097764,0.002555117,0.019570618
13.11623246,C,Acacia_parramattensis,0.004340825,-0.050222098,0.007136827,0.002594819,0.019977181
13.30661323,C,Acacia_parramattensis,0.004572889,-0.050153703,0.007177323,0.002581182,0.020299076
13.49699399,C,Acacia_parramattensis,0.004804953,-0.050081333,0.007219274,0.002612069,0.01991993
13.68737475,C,Acacia_parramattensis,0.005037017,-0.050004987,0.007262703,0.002654281,0.020238292
13.87775551,C,Acacia_parramattensis,0.005269081,-0.049924666,0.007307633,0.002591732,0.020254233
14.06813627,C,Acacia_parramattensis,0.005501144,-0.04984037,0.007354089,0.002607864,0.020429359
14.25851703,C,Acacia_parramattensis,0.005733208,-0.049752098,0.007402095,0.002613097,0.02094304
14.4488978,C,Acacia_parramattensis,0.005965272,-0.049659851,0.007451679,0.002679034,0.020498739
14.63927856,C,Acacia_parramattensis,0.006197336,-0.049563629,0.007502867,0.002679162,0.020554383
14.82965932,C,Acacia_parramattensis,0.0064294,-0.049463431,0.007555687,0.002743251,0.021374027
15.02004008,C,Acacia_parramattensis,0.006661464,-0.049359258,0.00761017,0.002767084,0.021454661
15.21042084,C,Acacia_parramattensis,0.006893528,-0.049251109,0.007666344,0.002791727,0.021151772
15.4008016,C,Acacia_parramattensis,0.007125592,-0.049138985,0.007724242,0.002768077,0.021623227
15.59118236,C,Acacia_parramattensis,0.007357656,-0.049022886,0.007783896,0.002816644,0.021288433
15.78156313,C,Acacia_parramattensis,0.00758972,-0.048902812,0.007845339,0.002811458,0.02148079
15.97194389,C,Acacia_parramattensis,0.007821783,-0.048778762,0.007908607,0.00286119,0.02177095
16.16232465,C,Acacia_parramattensis,0.008053847,-0.048650736,0.007973735,0.002891165,0.022271009
16.35270541,C,Acacia_parramattensis,0.008285911,-0.048518736,0.00804076,0.002893248,0.022109187
16.54308617,C,Acacia_parramattensis,0.008517975,-0.04838276,0.008109721,0.002983751,0.022508732
16.73346693,C,Acacia_parramattensis,0.008750039,-0.048242808,0.008180657,0.002916011,0.022500362
16.9238477,C,Acacia_parramattensis,0.008982103,-0.048098881,0.00825361,0.002975693,0.022662156
17.11422846,C,Acacia_parramattensis,0.009214167,-0.047950979,0.008328622,0.00305567,0.022937343
17.30460922,C,Acacia_parramattensis,0.009446231,-0.047799102,0.008405737,0.003025787,0.022570128
17.49498998,C,Acacia_parramattensis,0.009678295,-0.047643249,0.008485,0.003070776,0.023321065
17.68537074,C,Acacia_parramattensis,0.009910359,-0.047483421,0.008566457,0.003108782,0.023555657
17.8757515,C,Acacia_parramattensis,0.010142422,-0.047319617,0.008650158,0.003136741,0.023730639
18.06613226,C,Acacia_parramattensis,0.010374486,-0.047151838,0.008736152,0.003192743,0.024304873
18.25651303,C,Acacia_parramattensis,0.01060655,-0.046980084,0.00882449,0.003221411,0.024058617
18.44689379,C,Acacia_parramattensis,0.010838614,-0.046804354,0.008915226,0.003259871,0.024324175
18.63727455,C,Acacia_parramattensis,0.011070678,-0.046624649,0.009008415,0.00322644,0.02452259
18.82765531,C,Acacia_parramattensis,0.011302742,-0.046440969,0.009104113,0.003267148,0.024889592
19.01803607,C,Acacia_parramattensis,0.011534806,-0.046253313,0.009202379,0.003367054,0.025693035
19.20841683,C,Acacia_parramattensis,0.01176687,-0.046061682,0.009303274,0.003366938,0.025696279
19.3987976,C,Acacia_parramattensis,0.011998934,-0.045866076,0.00940686,0.003388049,0.025830589
19.58917836,C,Acacia_parramattensis,0.012230998,-0.045666494,0.0095132,0.003451276,0.025811274
19.77955912,C,Acacia_parramattensis,0.012463062,-0.045462937,0.009622363,0.003508694,0.026424438
19.96993988,C,Acacia_parramattensis,0.012695125,-0.045255404,0.009734416,0.003552527,0.026840501
20.16032064,C,Acacia_parramattensis,0.012927189,-0.045043897,0.00984943,0.003545407,0.026787085
20.3507014,C,Acacia_parramattensis,0.013159253,-0.044828413,0.009967479,0.003588373,0.027154789
20.54108216,C,Acacia_parramattensis,0.013391317,-0.044608955,0.010088638,0.003690582,0.027771735
20.73146293,C,Acacia_parramattensis,0.013623381,-0.044385521,0.010212985,0.003766148,0.028052204
20.92184369,C,Acacia_parramattensis,0.013855445,-0.044158111,0.0103406,0.003698393,0.027825902
21.11222445,C,Acacia_parramattensis,0.014087509,-0.043926727,0.010471567,0.003817636,0.028152292
21.30260521,C,Acacia_parramattensis,0.014319573,-0.043691367,0.010605971,0.003822632,0.028914274
21.49298597,C,Acacia_parramattensis,0.014551637,-0.043452031,0.010743901,0.003874771,0.028919072
21.68336673,C,Acacia_parramattensis,0.014783701,-0.043208721,0.010885448,0.004015273,0.029613474
21.87374749,C,Acacia_parramattensis,0.015015764,-0.042961434,0.011030706,0.004014737,0.029378157
22.06412826,C,Acacia_parramattensis,0.015247828,-0.042710173,0.011179774,0.004083111,0.030085952
22.25450902,C,Acacia_parramattensis,0.015479892,-0.042454936,0.01133275,0.00415156,0.030553806
22.44488978,C,Acacia_parramattensis,0.015711956,-0.042195724,0.01148974,0.004159923,0.031214139
22.63527054,C,Acacia_parramattensis,0.01594402,-0.041932536,0.011650851,0.004255368,0.031922045
22.8256513,C,Acacia_parramattensis,0.016176084,-0.041665373,0.011816192,0.00432741,0.031608514
23.01603206,C,Acacia_parramattensis,0.016408148,-0.041394235,0.011985878,0.004307981,0.03234572
23.20641283,C,Acacia_parramattensis,0.016640212,-0.041119121,0.012160027,0.004503492,0.03300186
23.39679359,C,Acacia_parramattensis,0.016872276,-0.040840032,0.012338762,0.004485832,0.033350241
23.58717435,C,Acacia_parramattensis,0.01710434,-0.040556968,0.012522206,0.004667761,0.033675367
23.77755511,C,Acacia_parramattensis,0.017336403,-0.040269928,0.012710492,0.004705468,0.034031145
23.96793587,C,Acacia_parramattensis,0.017568467,-0.039978913,0.012903751,0.004797981,0.034343387
24.15831663,C,Acacia_parramattensis,0.017800531,-0.039683923,0.013102124,0.004795087,0.035529581
24.34869739,C,Acacia_parramattensis,0.018032595,-0.039384957,0.013305753,0.004984604,0.035870683
24.53907816,C,Acacia_parramattensis,0.018264659,-0.039082016,0.013514785,0.004936457,0.036398908
24.72945892,C,Acacia_parramattensis,0.018496723,-0.038775099,0.013729373,0.005185256,0.037188596
24.91983968,C,Acacia_parramattensis,0.018728787,-0.038464208,0.013949675,0.005207529,0.037585611
25.11022044,C,Acacia_parramattensis,0.018960851,-0.03814934,0.014175854,0.005158449,0.038314314
25.3006012,C,Acacia_parramattensis,0.019192915,-0.037830498,0.014408077,0.005337751,0.038458321
25.49098196,C,Acacia_parramattensis,0.019424979,-0.03750768,0.014646518,0.005533021,0.039650602
25.68136273,C,Acacia_parramattensis,0.019657042,-0.037180886,0.014891357,0.005561249,0.039943856
25.87174349,C,Acacia_parramattensis,0.019889106,-0.036850118,0.015142779,0.005647562,0.04046297
26.06212425,C,Acacia_parramattensis,0.02012117,-0.036515374,0.015400975,0.005774024,0.040623045
26.25250501,C,Acacia_parramattensis,0.020353234,-0.036176654,0.015666143,0.005900234,0.041987508
26.44288577,C,Acacia_parramattensis,0.020585298,-0.03583396,0.015938488,0.005877907,0.042294874
26.63326653,C,Acacia_parramattensis,0.020817362,-0.035487289,0.016218221,0.005968009,0.042787098
26.82364729,C,Acacia_parramattensis,0.021049426,-0.035136644,0.016505559,0.006115138,0.044473242
27.01402806,C,Acacia_parramattensis,0.02128149,-0.034782023,0.01680073,0.006295548,0.044301365
27.20440882,C,Acacia_parramattensis,0.021513554,-0.034423427,0.017103964,0.006367082,0.044337526
27.39478958,C,Acacia_parramattensis,0.021745618,-0.034060855,0.017415505,0.006537777,0.046110506
27.58517034,C,Acacia_parramattensis,0.021977681,-0.033694308,0.017735599,0.006478274,0.04594395
27.7755511,C,Acacia_parramattensis,0.022209745,-0.033323786,0.018064506,0.006759503,0.047442569
27.96593186,C,Acacia_parramattensis,0.022441809,-0.032949288,0.018402489,0.006865202,0.048763197
28.15631263,C,Acacia_parramattensis,0.022673873,-0.032570815,0.018749826,0.007102601,0.04820956
28.34669339,C,Acacia_parramattensis,0.022905937,-0.032188367,0.019106798,0.00711843,0.050540598
28.53707415,C,Acacia_parramattensis,0.023138001,-0.031801943,0.019473701,0.007269335,0.050483356
28.72745491,C,Acacia_parramattensis,0.023370065,-0.031411544,0.019850837,0.007625861,0.052368408
28.91783567,C,Acacia_parramattensis,0.023602129,-0.03101717,0.020238521,0.007661207,0.053488452
29.10821643,C,Acacia_parramattensis,0.023834193,-0.03061882,0.020637077,0.007897518,0.053376936
29.29859719,C,Acacia_parramattensis,0.024066257,-0.030216495,0.02104684,0.00778584,0.054857061
29.48897796,C,Acacia_parramattensis,0.02429832,-0.029810194,0.021468157,0.00811665,0.057158736
29.67935872,C,Acacia_parramattensis,0.024530384,-0.029399918,0.021901386,0.008114393,0.056917397
29.86973948,C,Acacia_parramattensis,0.024762448,-0.028985667,0.022346898,0.008506198,0.058140893
30.06012024,C,Acacia_parramattensis,0.024994512,-0.028567441,0.022805076,0.008535652,0.059058481
30.250501,C,Acacia_parramattensis,0.025226576,-0.028145239,0.023276316,0.008779923,0.060858493
30.44088176,C,Acacia_parramattensis,0.02545864,-0.027719061,0.023761028,0.009149329,0.060782106
30.63126253,C,Acacia_parramattensis,0.025690704,-0.027288909,0.024259635,0.009251757,0.06277458
30.82164329,C,Acacia_parramattensis,0.025922768,-0.026854781,0.024772575,0.009343796,0.062945772
31.01202405,C,Acacia_parramattensis,0.026154832,-0.026416677,0.025300301,0.009693631,0.065653406
31.20240481,C,Acacia_parramattensis,0.026386896,-0.025974598,0.025843281,0.009808498,0.067184692
31.39278557,C,Acacia_parramattensis,0.02661896,-0.025528544,0.026401998,0.010091926,0.069111902
31.58316633,C,Acacia_parramattensis,0.026851023,-0.025078515,0.026976954,0.010584873,0.069369519
31.77354709,C,Acacia_parramattensis,0.027083087,-0.02462451,0.027568665,0.010536917,0.071170253
31.96392786,C,Acacia_parramattensis,0.027315151,-0.02416653,0.028177666,0.011020391,0.072622049
32.15430862,C,Acacia_parramattensis,0.027547215,-0.023704574,0.028804511,0.01111059,0.07338269
32.34468938,C,Acacia_parramattensis,0.027779279,-0.023238643,0.029449771,0.01121805,0.074881386
32.53507014,C,Acacia_parramattensis,0.028011343,-0.022768737,0.030114038,0.011621896,0.075829643
32.7254509,C,Acacia_parramattensis,0.028243407,-0.022294855,0.030797922,0.011595901,0.079727104
32.91583166,C,Acacia_parramattensis,0.028475471,-0.021816998,0.031502056,0.012005587,0.080002741
33.10621242,C,Acacia_parramattensis,0.028707535,-0.021335166,0.032227091,0.012391364,0.082233185
33.29659319,C,Acacia_parramattensis,0.028939599,-0.020849358,0.032973704,0.012692135,0.083358945
33.48697395,C,Acacia_parramattensis,0.029171662,-0.020359575,0.033742593,0.012865549,0.084540474
33.67735471,C,Acacia_parramattensis,0.029403726,-0.019865817,0.034534478,0.013378891,0.087471434
33.86773547,C,Acacia_parramattensis,0.02963579,-0.019368083,0.035350105,0.013506004,0.089115031
34.05811623,C,Acacia_parramattensis,0.029867854,-0.018866374,0.036190244,0.013959344,0.091142589
34.24849699,C,Acacia_parramattensis,0.030099918,-0.018360689,0.037055691,0.014458195,0.093937268
34.43887776,C,Acacia_parramattensis,0.030331982,-0.017851029,0.03794727,0.01445119,0.096636747
34.62925852,C,Acacia_parramattensis,0.030564046,-0.017337394,0.038865829,0.014786211,0.097860373
34.81963928,C,Acacia_parramattensis,0.03079611,-0.016819783,0.039812247,0.015402334,0.10102065
35.01002004,C,Acacia_parramattensis,0.031028174,-0.016298197,0.040787431,0.015854742,0.102122064
35.2004008,C,Acacia_parramattensis,0.031260238,-0.015772636,0.041792317,0.0164143,0.105333952
35.39078156,C,Acacia_parramattensis,0.031492301,-0.015243099,0.042827872,0.016535382,0.106257883
35.58116232,C,Acacia_parramattensis,0.031724365,-0.014709587,0.043895097,0.017141015,0.108465218
35.77154309,C,Acacia_parramattensis,0.031956429,-0.0141721,0.044995021,0.017431741,0.113250965
35.96192385,C,Acacia_parramattensis,0.032188493,-0.013630637,0.04612871,0.017991996,0.115241142
36.15230461,C,Acacia_parramattensis,0.032420557,-0.013085199,0.047297263,0.018585534,0.116546658
36.34268537,C,Acacia_parramattensis,0.032652621,-0.012535786,0.048501813,0.018560115,0.119899868
36.53306613,C,Acacia_parramattensis,0.032884685,-0.011982397,0.04974353,0.019334124,0.122146673
36.72344689,C,Acacia_parramattensis,0.033116749,-0.011425033,0.051023621,0.019643691,0.127951993
36.91382766,C,Acacia_parramattensis,0.033348813,-0.010863693,0.052343331,0.020290705,0.128797628
37.10420842,C,Acacia_parramattensis,0.033580877,-0.010298378,0.053703943,0.020779724,0.130652123
37.29458918,C,Acacia_parramattensis,0.03381294,-0.009729088,0.05510678,0.021374785,0.133399622
37.48496994,C,Acacia_parramattensis,0.034045004,-0.009155822,0.056553205,0.022097452,0.139998234
37.6753507,C,Acacia_parramattensis,0.034277068,-0.008578581,0.058044624,0.022536418,0.142231663
37.86573146,C,Acacia_parramattensis,0.034509132,-0.007997365,0.059582482,0.023183801,0.143866342
38.05611222,C,Acacia_parramattensis,0.034741196,-0.007412173,0.061168271,0.024026473,0.148469284
38.24649299,C,Acacia_parramattensis,0.03497326,-0.006823006,0.062803522,0.024704754,0.153121911
38.43687375,C,Acacia_parramattensis,0.035205324,-0.006229863,0.064489815,0.025234314,0.15760023
38.62725451,C,Acacia_parramattensis,0.035437388,-0.005632746,0.066228773,0.025727236,0.160073576
38.81763527,C,Acacia_parramattensis,0.035669452,-0.005031652,0.068022065,0.026809878,0.16236677
39.00801603,C,Acacia_parramattensis,0.035901516,-0.004426584,0.069871407,0.027513955,0.169121769
39.19839679,C,Acacia_parramattensis,0.036133579,-0.00381754,0.071778561,0.028231818,0.169981761
39.38877756,C,Acacia_parramattensis,0.036365643,-0.003204521,0.073745338,0.028922869,0.172983027
39.57915832,C,Acacia_parramattensis,0.036597707,-0.002587526,0.075773596,0.030446563,0.180632243
39.76953908,C,Acacia_parramattensis,0.036829771,-0.001966556,0.07786524,0.031284757,0.183849471
39.95991984,C,Acacia_parramattensis,0.037061835,-0.001341611,0.080022226,0.031373008,0.192067661
40.1503006,C,Acacia_parramattensis,0.037293899,-7.13E-04,0.082246557,0.032556726,0.191567904
40.34068136,C,Acacia_parramattensis,0.037525963,-7.98E-05,0.084540284,0.033253457,0.198324093
40.53106212,C,Acacia_parramattensis,0.037758027,5.57E-04,0.086905508,0.034645944,0.20137403
40.72144289,C,Acacia_parramattensis,0.037990091,0.001197924,0.089344375,0.034710432,0.207153924
40.91182365,C,Acacia_parramattensis,0.038222155,0.001842746,0.09185908,0.036833432,0.214512437
41.10220441,C,Acacia_parramattensis,0.038454219,0.002491544,0.094451867,0.037364833,0.221430656
41.29258517,C,Acacia_parramattensis,0.038686282,0.003144317,0.097125024,0.038908281,0.225778448
41.48296593,C,Acacia_parramattensis,0.038918346,0.003801065,0.099880882,0.039198131,0.229591137
41.67334669,C,Acacia_parramattensis,0.03915041,0.004461788,0.102721819,0.040841074,0.235705023
41.86372745,C,Acacia_parramattensis,0.039382474,0.005126487,0.105650253,0.04150915,0.239478963
42.05410822,C,Acacia_parramattensis,0.039614538,0.005795162,0.108668644,0.043429193,0.245262262
42.24448898,C,Acacia_parramattensis,0.039846602,0.006467811,0.11177949,0.044071648,0.252745989
42.43486974,C,Acacia_parramattensis,0.040078666,0.007144436,0.114985323,0.045444552,0.258445027
42.6252505,C,Acacia_parramattensis,0.04031073,0.007825037,0.118288711,0.047998258,0.262383554
42.81563126,C,Acacia_parramattensis,0.040542794,0.008509612,0.121692251,0.049524686,0.273156634
43.00601202,C,Acacia_parramattensis,0.040774858,0.009198163,0.125198566,0.050321699,0.274649564
43.19639279,C,Acacia_parramattensis,0.041006921,0.00989069,0.128810306,0.053316545,0.283529191
43.38677355,C,Acacia_parramattensis,0.041238985,0.010587192,0.132530135,0.054359673,0.29095677
43.57715431,C,Acacia_parramattensis,0.041471049,0.011287669,0.136360735,0.055626068,0.297684297
43.76753507,C,Acacia_parramattensis,0.041703113,0.011992121,0.140304797,0.056771997,0.308406182
43.95791583,C,Acacia_parramattensis,0.041935177,0.012700549,0.144365015,0.059623114,0.314848293
44.14829659,C,Acacia_parramattensis,0.042167241,0.013412953,0.148544083,0.060232555,0.318846512
44.33867735,C,Acacia_parramattensis,0.042399305,0.014129331,0.152844685,0.06248144,0.33129031
44.52905812,C,Acacia_parramattensis,0.042631369,0.014849685,0.15726949,0.06377428,0.338252584
44.71943888,C,Acacia_parramattensis,0.042863433,0.015574015,0.161821147,0.066216281,0.343775411
44.90981964,C,Acacia_parramattensis,0.043095497,0.016302319,0.166502269,0.069239687,0.35111837
45.1002004,C,Acacia_parramattensis,0.04332756,0.017034599,0.171315436,0.070385179,0.359305656
45.29058116,C,Acacia_parramattensis,0.043559624,0.017770855,0.176263176,0.073190392,0.370103808
45.48096192,C,Acacia_parramattensis,0.043791688,0.018511085,0.181347958,0.077309053,0.37602751
45.67134269,C,Acacia_parramattensis,0.044023752,0.019255292,0.186572187,0.077230185,0.385176489
45.86172345,C,Acacia_parramattensis,0.044255816,0.020003473,0.191938184,0.079555117,0.391192429
46.05210421,C,Acacia_parramattensis,0.04448788,0.02075563,0.197448182,0.084199014,0.402800771
46.24248497,C,Acacia_parramattensis,0.044719944,0.021511762,0.203104313,0.084926064,0.412674308
46.43286573,C,Acacia_parramattensis,0.044952008,0.02227187,0.208908591,0.087765639,0.422978014
46.62324649,C,Acacia_parramattensis,0.045184072,0.023035953,0.214862904,0.09067375,0.426635897
46.81362725,C,Acacia_parramattensis,0.045416136,0.023804011,0.220968998,0.093691747,0.43011936
47.00400802,C,Acacia_parramattensis,0.045648199,0.024576045,0.227228465,0.095868445,0.445765304
47.19438878,C,Acacia_parramattensis,0.045880263,0.025352054,0.233642726,0.100152697,0.456373531
47.38476954,C,Acacia_parramattensis,0.046112327,0.026132038,0.240213019,0.102290251,0.464671323
47.5751503,C,Acacia_parramattensis,0.046344391,0.026915998,0.246940382,0.105475802,0.479449822
47.76553106,C,Acacia_parramattensis,0.046576455,0.027703933,0.25382564,0.106362872,0.48710714
47.95591182,C,Acacia_parramattensis,0.046808519,0.028495843,0.260869389,0.112294468,0.495015136
48.14629259,C,Acacia_parramattensis,0.047040583,0.029291729,0.268071978,0.116217965,0.504099011
48.33667335,C,Acacia_parramattensis,0.047272647,0.03009159,0.275433498,0.120569951,0.514412929
48.52705411,C,Acacia_parramattensis,0.047504711,0.030895427,0.282953766,0.126123887,0.522987023
48.71743487,C,Acacia_parramattensis,0.047736775,0.031703239,0.290632306,0.128971087,0.532832566
48.90781563,C,Acacia_parramattensis,0.047968838,0.032515026,0.29846834,0.132647291,0.541072115
49.09819639,C,Acacia_parramattensis,0.048200902,0.033330789,0.30646077,0.13683493,0.549682194
49.28857715,C,Acacia_parramattensis,0.048432966,0.034150527,0.314608169,0.139335277,0.561876295
49.47895792,C,Acacia_parramattensis,0.04866503,0.03497424,0.322908761,0.148420952,0.574178707
49.66933868,C,Acacia_parramattensis,0.048897094,0.035801929,0.331360418,0.149952738,0.580506494
49.85971944,C,Acacia_parramattensis,0.049129158,0.036633593,0.339960643,0.155082403,0.594639384
50.0501002,C,Acacia_parramattensis,0.049361222,0.037469232,0.348706565,0.16043559,0.606351934
50.24048096,C,Acacia_parramattensis,0.049593286,0.038308847,0.357594926,0.164575306,0.610225452
50.43086172,C,Acacia_parramattensis,0.04982535,0.039152437,0.366622081,0.167129185,0.621423371
50.62124248,C,Acacia_parramattensis,0.050057414,0.040000003,0.375783986,0.174504429,0.627786914
50.81162325,C,Acacia_parramattensis,0.050289477,0.040851543,0.3850762,0.179278138,0.64053409
51.00200401,C,Acacia_parramattensis,0.050521541,0.04170706,0.394493883,0.186273834,0.65173918
51.19238477,C,Acacia_parramattensis,0.050753605,0.042566551,0.404031795,0.190299272,0.656739079
51.38276553,C,Acacia_parramattensis,0.050985669,0.043430018,0.4136843,0.198888197,0.67072304
51.57314629,C,Acacia_parramattensis,0.051217733,0.044297461,0.423445373,0.203122573,0.679447795
51.76352705,C,Acacia_parramattensis,0.051449797,0.045168878,0.433308603,0.206974335,0.688634726
51.95390782,C,Acacia_parramattensis,0.051681861,0.046044271,0.44326721,0.217637823,0.697201665
52.14428858,C,Acacia_parramattensis,0.051913925,0.04692364,0.453314051,0.219801543,0.708098928
52.33466934,C,Acacia_parramattensis,0.052145989,0.047806983,0.463441638,0.229513008,0.713637212
52.5250501,C,Acacia_parramattensis,0.052378053,0.048694302,0.473642154,0.23789712,0.723628587
52.71543086,C,Acacia_parramattensis,0.052610117,0.049585597,0.483907474,0.240100724,0.733935947
52.90581162,C,Acacia_parramattensis,0.05284218,0.050480867,0.494229186,0.24954832,0.744795374
53.09619238,C,Acacia_parramattensis,0.053074244,0.051380112,0.504598616,0.254557611,0.745869457
53.28657315,C,Acacia_parramattensis,0.053306308,0.052283332,0.515006851,0.264401083,0.757996994
53.47695391,C,Acacia_parramattensis,0.053538372,0.053190528,0.525444774,0.270367054,0.765449401
53.66733467,C,Acacia_parramattensis,0.053770436,0.0541017,0.535903088,0.278561362,0.778016773
53.85771543,C,Acacia_parramattensis,0.0540025,0.055016846,0.54637235,0.285949184,0.785928391
54.04809619,C,Acacia_parramattensis,0.054234564,0.055935968,0.556843005,0.298668298,0.791333514
54.23847695,C,Acacia_parramattensis,0.054466628,0.056859066,0.567305417,0.30587987,0.800418385
54.42885772,C,Acacia_parramattensis,0.054698692,0.057786138,0.577749911,0.313000309,0.805473357
54.61923848,C,Acacia_parramattensis,0.054930756,0.058717186,0.5881668,0.324859296,0.812245936
54.80961924,C,Acacia_parramattensis,0.055162819,0.05965221,0.598546427,0.328119384,0.819112631
55,C,Acacia_parramattensis,0.055394883,0.060591209,0.608879202,0.340160693,0.827838119
